0.00 0
0.01 5284
0.02 9736
0.03 13914
0.04 18451
0.05 22677
0.06 26711
0.07 31487
0.08 35524
0.09 39660
0.10 44013
0.11 47387
0.12 52344
0.13 56418
0.14 60689
0.15 65997
0.16 72100
0.17 77625
0.18 82734
0.19 91109
0.20 97355
0.21 102102
0.22 107108
0.23 112799
0.24 118298
0.25 124270
0.26 131004
0.27 138229
0.28 144968
0.29 152473
0.30 159264
0.31 166138
0.32 173144
0.33 180109
0.34 187020
0.35 193419
0.36 200308
0.37 207422
0.38 213741
0.39 219979
0.40 228757
0.41 241790
0.42 248922
0.43 255292
0.44 259556
0.45 264122
0.46 268392
0.47 273021
0.48 276083
0.49 278746
0.50 283836
0.51 288655
0.52 295985
0.53 305269
0.54 313672
0.55 320663
0.56 326825
0.57 332652
0.58 339953
0.59 347207
0.60 353361
0.61 359962
0.62 367908
0.63 375763
0.64 378667
0.65 381591
0.66 384598
0.67 388394
0.68 391570
0.69 397966
0.70 404039
0.71 408872
0.72 417545
0.73 422318
0.74 431358
0.75 441279
0.76 448880
0.77 459472
0.78 469469
0.79 481162
0.80 492199
0.81 502817
0.82 513104
0.83 522019
0.84 532559
0.85 540425
0.86 551859
0.87 560955
0.88 571875
0.89 583691
0.90 591166
0.91 599173
0.92 605281
0.93 611885
0.94 618213
0.95 626274
0.96 631678
0.97 640001
0.98 643593
0.99 648496
1.00 653171
1.01 658454
1.02 663169
1.03 670260
1.04 673522
1.05 676341
1.06 680155
1.07 683911
1.08 685644
1.09 688083
1.10 696959
1.11 704197
1.12 714455
1.13 724522
1.14 736640
1.15 748312
1.16 759381
1.17 771002
1.18 782246
1.19 793351
1.20 804830
1.21 817772
1.22 828566
1.23 840045
1.24 852690
1.25 864201
1.26 876324
1.27 888431
1.28 899924
1.29 912341
1.30 922490
1.31 932685
1.32 941532
1.33 950967
1.34 960387
1.35 967204
1.36 975288
1.37 983741
1.38 992226
1.39 1002386
1.40 1011549
1.41 1021485
1.42 1029271
1.43 1039167
1.44 1048372
1.45 1058987
1.46 1067893
1.47 1076377
1.48 1085837
1.49 1096181
1.50 1104267
1.51 1112478
1.52 1122750
1.53 1129611
1.54 1136862
1.55 1145709
1.56 1154722
1.57 1164132
1.58 1174241
1.59 1184379
1.60 1194822
1.61 1204440
1.62 1214531
1.63 1225852
1.64 1235509
1.65 1245687
1.66 1255077
1.67 1264045
1.68 1274564
1.69 1286595
1.70 1296699
1.71 1307653
1.72 1318742
1.73 1328809
1.74 1339163
1.75 1349365
1.76 1360546
1.77 1370699
1.78 1383472
1.79 1393344
1.80 1402655
1.81 1411615
1.82 1420558
1.83 1431590
1.84 1442806
1.85 1451007
1.86 1461793
1.87 1474094
1.88 1485609
1.89 1497641
1.90 1510481
1.91 1522916
1.92 1533333
1.93 1545499
1.94 1556882
1.95 1568166
1.96 1579875
1.97 1591401
1.98 1604437
1.99 1616277
2.00 1628024
2.01 1640405
2.02 1652191
2.03 1663159
2.04 1674407
2.05 1686425
2.06 1698473
2.07 1710141
2.08 1721026
2.09 1731997
2.10 1742584
2.11 1753059
2.12 1763488
2.13 1774017
2.14 1784854
2.15 1795957
2.16 1806729
2.17 1817260
2.18 1829931
2.19 1841975
2.20 1852313
2.21 1862736
2.22 1871377
2.23 1883153
2.24 1892519
2.25 1903905
2.26 1915590
2.27 1926759
2.28 1935999
2.29 1943573
2.30 1954437
2.31 1964118
2.32 1973010
2.33 1981371
2.34 1991987
2.35 2002576
2.36 2013820
2.37 2023164
2.38 2035479
2.39 2047683
2.40 2059716
2.41 2071193
2.42 2082901
2.43 2094069
2.44 2106047
2.45 2116900
2.46 2128240
2.47 2140617
2.48 2151568
2.49 2163395
2.50 2175614
2.51 2188390
2.52 2200729
2.53 2210678
2.54 2222135
2.55 2232866
2.56 2243441
2.57 2253801
2.58 2265176
2.59 2276456
2.60 2287277
2.61 2297886
2.62 2307520
2.63 2318320
2.64 2329127
2.65 2340355
2.66 2350767
2.67 2357979
2.68 2364695
2.69 2373416
2.70 2384077
2.71 2393752
2.72 2401512
2.73 2412295
2.74 2420243
2.75 2428389
2.76 2435352
2.77 2444278
2.78 2452508
2.79 2461786
2.80 2470977
2.81 2478384
2.82 2488184
2.83 2499498
2.84 2511226
2.85 2523007
2.86 2532813
2.87 2543538
2.88 2556528
2.89 2567687
2.90 2579267
2.91 2591034
2.92 2603926
2.93 2614348
2.94 2624943
2.95 2637042
2.96 2649428
2.97 2658955
2.98 2670409
2.99 2682446
3.00 2694305
3.01 2706408
3.02 2714351
3.03 2723562
3.04 2732051
3.05 2740787
3.06 2749625
3.07 2758955
3.08 2770153
3.09 2779710
3.10 2789494
3.11 2800240
3.12 2807563
3.13 2821682
3.14 2835292
3.15 2846443
3.16 2854520
3.17 2863119
3.18 2871828
3.19 2880685
3.20 2889000
3.21 2897063
3.22 2907503
3.23 2917815
3.24 2928542
3.25 2939148
3.26 2949305
3.27 2960976
3.28 2972096
3.29 2984754
3.30 2994907
3.31 3005413
3.32 3015568
3.33 3025700
3.34 3036360
3.35 3047180
3.36 3058996
3.37 3070631
3.38 3082343
3.39 3094612
3.40 3105251
3.41 3114657
3.42 3122532
3.43 3129852
3.44 3137210
3.45 3147076
3.46 3157679
3.47 3169065
3.48 3181600
3.49 3193410
3.50 3203320
3.51 3213293
3.52 3223829
3.53 3234552
3.54 3246281
3.55 3257598
3.56 3265511
3.57 3276196
3.58 3285129
3.59 3294560
3.60 3304652
3.61 3315159
3.62 3325068
3.63 3335063
3.64 3345164
3.65 3355892
3.66 3366216
3.67 3375942
3.68 3385148
3.69 3394635
3.70 3403727
3.71 3412775
3.72 3422455
3.73 3431890
3.74 3441238
3.75 3451212
3.76 3461633
3.77 3472673
3.78 3481861
3.79 3490457
3.80 3499425
3.81 3510504
3.82 3519184
3.83 3528856
3.84 3538610
3.85 3548051
3.86 3556712
3.87 3561526
3.88 3565963
3.89 3570340
3.90 3576315
3.91 3580694
3.92 3584769
3.93 3589926
3.94 3595981
3.95 3607403
3.96 3618857
3.97 3627770
3.98 3638033
3.99 3648170
4.00 3657454
4.01 3666915
4.02 3678417
4.03 3687069
4.04 3695514
4.05 3705595
4.06 3715127
4.07 3725923
4.08 3732882
4.09 3743383
4.10 3753261
4.11 3762021
4.12 3772609
4.13 3783709
4.14 3793879
4.15 3803734
4.16 3812733
4.17 3821417
4.18 3830993
4.19 3841906
4.20 3850954
4.21 3860579
4.22 3870644
4.23 3881737
4.24 3891765
4.25 3903527
4.26 3911910
4.27 3920620
4.28 3930581
4.29 3941665
4.30 3950712
4.31 3960719
4.32 3970970
4.33 3980798
4.34 3990385
4.35 3999956
4.36 4011696
4.37 4022693
4.38 4033782
4.39 4045190
4.40 4057370
4.41 4069614
4.42 4081561
4.43 4091369
4.44 4103282
4.45 4115107
4.46 4128486
4.47 4140972
4.48 4153572
4.49 4167210
4.50 4178097
4.51 4189691
4.52 4201027
4.53 4211867
4.54 4223029
4.55 4233578
4.56 4244336
4.57 4255229
4.58 4267088
4.59 4278684
4.60 4289558
4.61 4298496
4.62 4307985
4.63 4317174
4.64 4327853
4.65 4341849
4.66 4354425
4.67 4365367
4.68 4376393
4.69 4386721
4.70 4398478
4.71 4410152
4.72 4420376
4.73 4430667
4.74 4441962
4.75 4452147
4.76 4463151
4.77 4474376
4.78 4485218
4.79 4495296
4.80 4506533
4.81 4518155
4.82 4527620
4.83 4537420
4.84 4548273
4.85 4559711
4.86 4570667
4.87 4581443
4.88 4592284
4.89 4601913
4.90 4612051
4.91 4623599
4.92 4634766
4.93 4645711
4.94 4658012
4.95 4669487
4.96 4681128
4.97 4690024
4.98 4698069
4.99 4706726
5.00 4715071
5.01 4723358
5.02 4731230
5.03 4738877
5.04 4746173
5.05 4753399
5.06 4760934
5.07 4770718
5.08 4781992
5.09 4792678
5.10 4803709
5.11 4813387
5.12 4823249
5.13 4833254
5.14 4844469
5.15 4855435
5.16 4867283
5.17 4880430
5.18 4892535
5.19 4904491
5.20 4915761
5.21 4929155
5.22 4936985
5.23 4949768
5.24 4961914
5.25 4974811
5.26 4988425
5.27 5000832
5.28 5013809
5.29 5027361
5.30 5039979
5.31 5052213
5.32 5064892
5.33 5077526
5.34 5090281
5.35 5103733
5.36 5116786
5.37 5129669
5.38 5140310
5.39 5151528
5.40 5164127
5.41 5176042
5.42 5189206
5.43 5201862
5.44 5214812
5.45 5226904
5.46 5239425
5.47 5252001
5.48 5264477
5.49 5277180
5.50 5289709
5.51 5302635
5.52 5315788
5.53 5328593
5.54 5340872
5.55 5354730
5.56 5367918
5.57 5381296
5.58 5393963
5.59 5405820
5.60 5419410
5.61 5432238
5.62 5445201
5.63 5457641
5.64 5469478
5.65 5482669
5.66 5495818
5.67 5509817
5.68 5523113
5.69 5535076
5.70 5547487
5.71 5560144
5.72 5572532
5.73 5584780
5.74 5596905
5.75 5609317
5.76 5621417
5.77 5634482
5.78 5647725
5.79 5660597
5.80 5673370
5.81 5684411
5.82 5697187
5.83 5710048
5.84 5723231
5.85 5734637
5.86 5744622
5.87 5755810
5.88 5767149
5.89 5779411
5.90 5785256
5.91 5797005
5.92 5807845
5.93 5820150
5.94 5831353
5.95 5843629
5.96 5855329
5.97 5866828
5.98 5878854
5.99 5890976
6.00 5902907
6.01 5914018
6.02 5924812
6.03 5935999
6.04 5946658
6.05 5956692
6.06 5967244
6.07 5978503
6.08 5989191
6.09 6000393
6.10 6011416
6.11 6022808
6.12 6031695
6.13 6040946
6.14 6052504
6.15 6061782
6.16 6071330
6.17 6080409
6.18 6089914
6.19 6100358
6.20 6111230
6.21 6121893
6.22 6133700
6.23 6145116
6.24 6157413
6.25 6169342
6.26 6180090
6.27 6191129
6.28 6203184
6.29 6215055
6.30 6224960
6.31 6236197
6.32 6247034
6.33 6255717
6.34 6263123
6.35 6271697
6.36 6282621
6.37 6293056
6.38 6304390
6.39 6316495
6.40 6328392
6.41 6340296
6.42 6353625
6.43 6366225
6.44 6378163
6.45 6388878
6.46 6398629
6.47 6410266
6.48 6421749
6.49 6432829
6.50 6444835
6.51 6456717
6.52 6467706
6.53 6478309
6.54 6490588
6.55 6503927
6.56 6517733
6.57 6532283
6.58 6544403
6.59 6556749
6.60 6570737
6.61 6581200
6.62 6594256
6.63 6606954
6.64 6618132
6.65 6629513
6.66 6641917
6.67 6653992
6.68 6665936
6.69 6678291
6.70 6691323
6.71 6702701
6.72 6714697
6.73 6727216
6.74 6738123
6.75 6749738
6.76 6760293
6.77 6769847
6.78 6780150
6.79 6789192
6.80 6799223
6.81 6810456
6.82 6821673
6.83 6832990
6.84 6843736
6.85 6851654
6.86 6857047
6.87 6861792
6.88 6868100
6.89 6878547
6.90 6889890
6.91 6901979
6.92 6910545
6.93 6922736
6.94 6932834
6.95 6944293
6.96 6956173
6.97 6966831
6.98 6978962
6.99 6990329
7.00 7002301
7.01 7014761
7.02 7024584
7.03 7031789
7.04 7042467
7.05 7053503
7.06 7061607
7.07 7072371
7.08 7083044
7.09 7092959
7.10 7104586
7.11 7116422
7.12 7126727
7.13 7139833
7.14 7152456
7.15 7165054
7.16 7176959
7.17 7188738
7.18 7199925
7.19 7211428
7.20 7223000
7.21 7234414
7.22 7246016
7.23 7258091
7.24 7270035
7.25 7280471
7.26 7292046
7.27 7303093
7.28 7314578
7.29 7326726
7.30 7337866
7.31 7350167
7.32 7361543
7.33 7373177
7.34 7382778
7.35 7395544
7.36 7407520
7.37 7421014
7.38 7434352
7.39 7441970
7.40 7452611
7.41 7461436
7.42 7471742
7.43 7478118
7.44 7488258
7.45 7496380
7.46 7506170
7.47 7516695
7.48 7527199
7.49 7536509
7.50 7546437
7.51 7556553
7.52 7567136
7.53 7578132
7.54 7588960
7.55 7599644
7.56 7608590
7.57 7617272
7.58 7626008
7.59 7634108
7.60 7641652
7.61 7649949
7.62 7657728
7.63 7665296
7.64 7670845
7.65 7676934
7.66 7682642
7.67 7691236
7.68 7702600
7.69 7711311
7.70 7721812
7.71 7729941
7.72 7737505
7.73 7747993
7.74 7755873
7.75 7765714
7.76 7774352
7.77 7785009
7.78 7795794
7.79 7806528
7.80 7816433
7.81 7827976
7.82 7840037
7.83 7851944
7.84 7864944
7.85 7876600
7.86 7887135
7.87 7898097
7.88 7909275
7.89 7918632
7.90 7928205
7.91 7939743
7.92 7951879
7.93 7964750
7.94 7977638
7.95 7990833
7.96 8002646
7.97 8013996
7.98 8025319
7.99 8036097
8.00 8047820
8.01 8060259
8.02 8072368
8.03 8084253
8.04 8095645
8.05 8108201
8.06 8120301
8.07 8131979
8.08 8144180
8.09 8155895
8.10 8168466
8.11 8182213
8.12 8195928
8.13 8208468
8.14 8220454
8.15 8233296
8.16 8246333
8.17 8259617
8.18 8272225
8.19 8284470
8.20 8297548
8.21 8310694
8.22 8323438
8.23 8336461
8.24 8349604
8.25 8362479
8.26 8375937
8.27 8389047
8.28 8402545
8.29 8416047
8.30 8429282
8.31 8441308
8.32 8454427
8.33 8467939
8.34 8480293
8.35 8492627
8.36 8504791
8.37 8517197
8.38 8530190
8.39 8542160
8.40 8555132
8.41 8566962
8.42 8579419
8.43 8591670
8.44 8602508
8.45 8615644
8.46 8627579
8.47 8640461
8.48 8653110
8.49 8665983
8.50 8678648
8.51 8691659
8.52 8703251
8.53 8715146
8.54 8727746
8.55 8739861
8.56 8751493
8.57 8764637
8.58 8777307
8.59 8790595
8.60 8803186
8.61 8814263
8.62 8825260
8.63 8837487
8.64 8849286
8.65 8861903
8.66 8875087
8.67 8889247
8.68 8903189
8.69 8916333
8.70 8930366
8.71 8944717
8.72 8956172
8.73 8969991
8.74 8983546
8.75 8996913
8.76 9010133
8.77 9023601
8.78 9036242
8.79 9048215
8.80 9060822
8.81 9073862
8.82 9086135
8.83 9098382
8.84 9110242
8.85 9122129
8.86 9134123
8.87 9145930
8.88 9156120
8.89 9167324
8.90 9178751
8.91 9191418
8.92 9205168
8.93 9218040
8.94 9231760
8.95 9243282
8.96 9254075
8.97 9265612
8.98 9277834
8.99 9289153
9.00 9300542
9.01 9311351
9.02 9320365
9.03 9329832
9.04 9341613
9.05 9352013
9.06 9365288
9.07 9377753
9.08 9390447
9.09 9403188
9.10 9415489
9.11 9428138
9.12 9441312
9.13 9453739
9.14 9466301
9.15 9479607
9.16 9493025
9.17 9506976
9.18 9519931
9.19 9533031
9.20 9546086
9.21 9558661
9.22 9571966
9.23 9584815
9.24 9598174
9.25 9611882
9.26 9625304
9.27 9638429
9.28 9652080
9.29 9664866
9.30 9678239
9.31 9691205
9.32 9704017
9.33 9717116
9.34 9730066
9.35 9742547
9.36 9755426
9.37 9768230
9.38 9781154
9.39 9793005
9.40 9805835
9.41 9818513
9.42 9831465
9.43 9844032
9.44 9855910
9.45 9867955
9.46 9880625
9.47 9893261
9.48 9906278
9.49 9919488
9.50 9932162
9.51 9945623
9.52 9958333
9.53 9969187
9.54 9977638
9.55 9985763
9.56 9996680
9.57 10008015
9.58 10015858
9.59 10021018
9.60 10032887
9.61 10045145
9.62 10058119
9.63 10070438
9.64 10082893
9.65 10096253
9.66 10108087
9.67 10120984
9.68 10132985
9.69 10146311
9.70 10158946
9.71 10170299
9.72 10181851
9.73 10195023
9.74 10208076
9.75 10220021
9.76 10232131
9.77 10245610
9.78 10258671
9.79 10272140
9.80 10285159
9.81 10298423
9.82 10311470
9.83 10324935
9.84 10337156
9.85 10349432
9.86 10362446
9.87 10375465
9.88 10388325
9.89 10400507
9.90 10412658
9.91 10425688
9.92 10438395
9.93 10451692
9.94 10465014
9.95 10477377
9.96 10489220
9.97 10502403
9.98 10515490
9.99 10527640
10.00 10539556
10.01 10551644
10.02 10563934
10.03 10575388
10.04 10587781
10.05 10600236
10.06 10613771
10.07 10626111
10.08 10639340
10.09 10651782
10.10 10664400
10.11 10676829
10.12 10689361
10.13 10700382
10.14 10709591
10.15 10720821
10.16 10732608
10.17 10743356
10.18 10755278
10.19 10768292
10.20 10780593
10.21 10793350
10.22 10805969
10.23 10818660
10.24 10830564
10.25 10843044
10.26 10856645
10.27 10870150
10.28 10881517
10.29 10891775
10.30 10902012
10.31 10913922
10.32 10926381
10.33 10936776
10.34 10946670
10.35 10958620
10.36 10972057
10.37 10983429
10.38 10997347
10.39 11010206
10.40 11022894
10.41 11035564
10.42 11048001
10.43 11061309
10.44 11074768
10.45 11088324
10.46 11101677
10.47 11115067
10.48 11127695
10.49 11140489
10.50 11152593
10.51 11165468
10.52 11178755
10.53 11191574
10.54 11205229
10.55 11217524
10.56 11230876
10.57 11243111
10.58 11255943
10.59 11269165
10.60 11282460
10.61 11295791
10.62 11308406
10.63 11319950
10.64 11332778
10.65 11345609
10.66 11358518
10.67 11370243
10.68 11382588
10.69 11394462
10.70 11406215
10.71 11417326
10.72 11429451
10.73 11439682
10.74 11449432
10.75 11460741
10.76 11470305
10.77 11480797
10.78 11491835
10.79 11503416
10.80 11515568
10.81 11528024
10.82 11540422
10.83 11552264
10.84 11559318
10.85 11571974
10.86 11584322
10.87 11597449
10.88 11609042
10.89 11620844
10.90 11634119
10.91 11647562
10.92 11659500
10.93 11671151
10.94 11683805
10.95 11697594
10.96 11710959
10.97 11724854
10.98 11737732
10.99 11751466
11.00 11765031
11.01 11778820
11.02 11792854
11.03 11805607
11.04 11819196
11.05 11832142
11.06 11844417
11.07 11857451
11.08 11869181
11.09 11881932
11.10 11894314
11.11 11902341
11.12 11910988
11.13 11919519
11.14 11928554
11.15 11937640
11.16 11948570
11.17 11958025
11.18 11967308
11.19 11975220
11.20 11985504
11.21 11996594
11.22 12005289
11.23 12014359
11.24 12024198
11.25 12034610
11.26 12045703
11.27 12057370
11.28 12068771
11.29 12080231
11.30 12090013
11.31 12100991
11.32 12111781
11.33 12123148
11.34 12134891
11.35 12146986
11.36 12159090
11.37 12170171
11.38 12181628
11.39 12194798
11.40 12207882
11.41 12221005
11.42 12233983
11.43 12246425
11.44 12259492
11.45 12272488
11.46 12285621
11.47 12299313
11.48 12312227
11.49 12325686
11.50 12339408
11.51 12352030
11.52 12364729
11.53 12378893
11.54 12391199
11.55 12404068
11.56 12416775
11.57 12426879
11.58 12437756
11.59 12447702
11.60 12459142
11.61 12469482
11.62 12482065
11.63 12493167
11.64 12505343
11.65 12518331
11.66 12531614
11.67 12544633
11.68 12558005
11.69 12570353
11.70 12580533
11.71 12591230
11.72 12602599
11.73 12612725
11.74 12621958
11.75 12630584
11.76 12639403
11.77 12647259
11.78 12654998
11.79 12663268
11.80 12672247
11.81 12682267
11.82 12688955
11.83 12692831
11.84 12698045
11.85 12699109
11.86 12700233
11.87 12709011
11.88 12719251
11.89 12730177
11.90 12741619
11.91 12752054
11.92 12765076
11.93 12778441
11.94 12791403
11.95 12804546
11.96 12815772
11.97 12829495
11.98 12840911
11.99 12853415
12.00 12867074
12.01 12879037
12.02 12892229
12.03 12905032
12.04 12917558
12.05 12930532
12.06 12941965
12.07 12955319
12.08 12967937
12.09 12980676
12.10 12993936
12.11 13007238
12.12 13020652
12.13 13033140
12.14 13046788
12.15 13058759
12.16 13071471
12.17 13083644
12.18 13096165
12.19 13108400
12.20 13121074
12.21 13133422
12.22 13145856
12.23 13159305
12.24 13171409
12.25 13181685
12.26 13193707
12.27 13205692
12.28 13216994
12.29 13227729
12.30 13240376
12.31 13252721
12.32 13263639
12.33 13276206
12.34 13287938
12.35 13296398
12.36 13307501
12.37 13318274
12.38 13328667
12.39 13339607
12.40 13350051
12.41 13363257
12.42 13376086
12.43 13388847
12.44 13400951
12.45 13413726
12.46 13426043
12.47 13437681
12.48 13450170
12.49 13463463
12.50 13476237
12.51 13488467
12.52 13500841
12.53 13513837
12.54 13525845
12.55 13537945
12.56 13550627
12.57 13562684
12.58 13574735
12.59 13587286
12.60 13599300
12.61 13611119
12.62 13623224
12.63 13633919
12.64 13645237
12.65 13655739
12.66 13666543
12.67 13678607
12.68 13691196
12.69 13704483
12.70 13716968
12.71 13729335
12.72 13742051
12.73 13755207
12.74 13768611
12.75 13782188
12.76 13794997
12.77 13808210
12.78 13821732
12.79 13835676
12.80 13849732
12.81 13863747
12.82 13877223
12.83 13890598
12.84 13904041
12.85 13917254
12.86 13930356
12.87 13943669
12.88 13957592
12.89 13971025
12.90 13984677
12.91 13998493
12.92 14011382
12.93 14024259
12.94 14036719
12.95 14050680
12.96 14062825
12.97 14076315
12.98 14088401
12.99 14100797
13.00 14114363
13.01 14127515
13.02 14139727
13.03 14153246
13.04 14164328
13.05 14173480
13.06 14185386
13.07 14196868
13.08 14208904
13.09 14220628
13.10 14233551
13.11 14245643
13.12 14257385
13.13 14269663
13.14 14282635
13.15 14295808
13.16 14307584
13.17 14320579
13.18 14334142
13.19 14346699
13.20 14360024
13.21 14372363
13.22 14385964
13.23 14398855
13.24 14411455
13.25 14424111
13.26 14436801
13.27 14449908
13.28 14462846
13.29 14476070
13.30 14489584
13.31 14502874
13.32 14515732
13.33 14529141
13.34 14542165
13.35 14555174
13.36 14568264
13.37 14580595
13.38 14593111
13.39 14605541
13.40 14617842
13.41 14628474
13.42 14638540
13.43 14649319
13.44 14662057
13.45 14673149
13.46 14683964
13.47 14693824
13.48 14704790
13.49 14715292
13.50 14726562
13.51 14739095
13.52 14749961
13.53 14761485
13.54 14773229
13.55 14784833
13.56 14795516
13.57 14806593
13.58 14817030
13.59 14828638
13.60 14840545
13.61 14852947
13.62 14864875
13.63 14876820
13.64 14888430
13.65 14900811
13.66 14911575
13.67 14923544
13.68 14935977
13.69 14947713
13.70 14960557
13.71 14972381
13.72 14984978
13.73 14997348
13.74 15010136
13.75 15021847
13.76 15033365
13.77 15045724
13.78 15057882
13.79 15069000
13.80 15079751
13.81 15092396
13.82 15104075
13.83 15115660
13.84 15127082
13.85 15138969
13.86 15151865
13.87 15163918
13.88 15176294
13.89 15188058
13.90 15200462
13.91 15212568
13.92 15222974
13.93 15229361
13.94 15238152
13.95 15248328
13.96 15254407
13.97 15259003
13.98 15267853
13.99 15275855
14.00 15287363
14.01 15300218
14.02 15312043
14.03 15323665
14.04 15336103
14.05 15349435
14.06 15361815
14.07 15373600
14.08 15385918
14.09 15398171
14.10 15409422
14.11 15420868
14.12 15432286
14.13 15444434
14.14 15455850
14.15 15467201
14.16 15479663
14.17 15489144
14.18 15500013
14.19 15504107
14.20 15514002
14.21 15521428
14.22 15528474
14.23 15535635
14.24 15541559
14.25 15548298
14.26 15554642
14.27 15561934
14.28 15570297
14.29 15582607
14.30 15594044
14.31 15603799
14.32 15614407
14.33 15626902
14.34 15638030
14.35 15647586
14.36 15656884
14.37 15668436
14.38 15681132
14.39 15694480
14.40 15707368
14.41 15718580
14.42 15731045
14.43 15743127
14.44 15755774
14.45 15767244
14.46 15779455
14.47 15788351
14.48 15800769
14.49 15808856
14.50 15819127
14.51 15832522
14.52 15844920
14.53 15857792
14.54 15869657
14.55 15881688
14.56 15894852
14.57 15908246
14.58 15919788
14.59 15933390
14.60 15946909
14.61 15958998
14.62 15970438
14.63 15981699
14.64 15994773
14.65 16007277
14.66 16020648
14.67 16033415
14.68 16046415
14.69 16054408
14.70 16066439
14.71 16079175
14.72 16091764
14.73 16104271
14.74 16116968
14.75 16129545
14.76 16141998
14.77 16153728
14.78 16164403
14.79 16176587
14.80 16185204
14.81 16193243
14.82 16203746
14.83 16214302
14.84 16224481
14.85 16234636
14.86 16244282
14.87 16254037
14.88 16265294
14.89 16276249
14.90 16287601
14.91 16297950
14.92 16307599
14.93 16319623
14.94 16331723
14.95 16342530
14.96 16354951
14.97 16366792
14.98 16378292
14.99 16389728
15.00 16403167
15.01 16416319
15.02 16426671
15.03 16433820
15.04 16439143
15.05 16447643
15.06 16459757
15.07 16471232
15.08 16479548
15.09 16491004
15.10 16503579
15.11 16514292
15.12 16523446
15.13 16524009
15.14 16534959
15.15 16546180
15.16 16556605
15.17 16564458
15.18 16572700
15.19 16575999
15.20 16577978
15.21 16587151
15.22 16597023
15.23 16607937
15.24 16617614
15.25 16628013
15.26 16637655
15.27 16647120
15.28 16657166
15.29 16666970
15.30 16676726
15.31 16685902
15.32 16695539
15.33 16704918
15.34 16714907
15.35 16724773
15.36 16734765
15.37 16744054
15.38 16753008
15.39 16762926
15.40 16772575
15.41 16782244
15.42 16792678
15.43 16803242
15.44 16811983
15.45 16821193
15.46 16830065
15.47 16838691
15.48 16847753
15.49 16857830
15.50 16866877
15.51 16875823
15.52 16884623
15.53 16894344
15.54 16902509
15.55 16912323
15.56 16920991
15.57 16929893
15.58 16939118
15.59 16948664
15.60 16958538
15.61 16969176
15.62 16978962
15.63 16988650
15.64 16998648
15.65 17008210
15.66 17018123
15.67 17027901
15.68 17038239
15.69 17048439
15.70 17057244
15.71 17066195
15.72 17075214
15.73 17083911
15.74 17093932
15.75 17103726
15.76 17113007
15.77 17119441
15.78 17129027
15.79 17139029
15.80 17147467
15.81 17157609
15.82 17167217
15.83 17178037
15.84 17186231
15.85 17196331
15.86 17206500
15.87 17217418
15.88 17227543
15.89 17237207
15.90 17246870
15.91 17256935
15.92 17266732
15.93 17275217
15.94 17284634
15.95 17293436
15.96 17301740
15.97 17310811
15.98 17320535
15.99 17330654
16.00 17340592
16.01 17351006
16.02 17361332
16.03 17371375
16.04 17380668
16.05 17390431
16.06 17402189
16.07 17412120
16.08 17423148
16.09 17434263
16.10 17445634
16.11 17457265
16.12 17469983
16.13 17481151
16.14 17491987
16.15 17503136
16.16 17514464
16.17 17525632
16.18 17534995
16.19 17547734
16.20 17559438
16.21 17570735
16.22 17582481
16.23 17593834
16.24 17604996
16.25 17615107
16.26 17626066
16.27 17637168
16.28 17647964
16.29 17659397
16.30 17670085
16.31 17681835
16.32 17692471
16.33 17702860
16.34 17712476
16.35 17722470
16.36 17734273
16.37 17745410
16.38 17756211
16.39 17765993
16.40 17776423
16.41 17787041
16.42 17798049
16.43 17808506
16.44 17820212
16.45 17831625
16.46 17842583
16.47 17854217
16.48 17867248
16.49 17879649
16.50 17892368
16.51 17904416
16.52 17916188
16.53 17927711
16.54 17939838
16.55 17950233
16.56 17962656
16.57 17975945
16.58 17988371
16.59 18001520
16.60 18015141
16.61 18028831
16.62 18039487
16.63 18052617
16.64 18066370
16.65 18080203
16.66 18094485
16.67 18108164
16.68 18120531
16.69 18132781
16.70 18145235
16.71 18156393
16.72 18169304
16.73 18181728
16.74 18195615
16.75 18209186
16.76 18222250
16.77 18235153
16.78 18248639
16.79 18262093
16.80 18274987
16.81 18287736
16.82 18301317
16.83 18314418
16.84 18327653
16.85 18340631
16.86 18354495
16.87 18367564
16.88 18380598
16.89 18393987
16.90 18406114
16.91 18418366
16.92 18430869
16.93 18442503
16.94 18454535
16.95 18466927
16.96 18479730
16.97 18492303
16.98 18504865
16.99 18517967
17.00 18531704
17.01 18543618
17.02 18556554
17.03 18568707
17.04 18582211
17.05 18596107
17.06 18609114
17.07 18621895
17.08 18632396
17.09 18644829
17.10 18658340
17.11 18672205
17.12 18683714
17.13 18694137
17.14 18705960
17.15 18717149
17.16 18728334
17.17 18737705
17.18 18750082
17.19 18761267
17.20 18772409
17.21 18785303
17.22 18797656
17.23 18810123
17.24 18823183
17.25 18836070
17.26 18848370
17.27 18861210
17.28 18873413
17.29 18886865
17.30 18899923
17.31 18913486
17.32 18926963
17.33 18939170
17.34 18951999
17.35 18964527
17.36 18976692
17.37 18987903
17.38 19000875
17.39 19013489
17.40 19025146
17.41 19037441
17.42 19049308
17.43 19060206
17.44 19071589
17.45 19083405
17.46 19095697
17.47 19106724
17.48 19116980
17.49 19129971
17.50 19141817
17.51 19155227
17.52 19168547
17.53 19181448
17.54 19194350
17.55 19202808
17.56 19214653
17.57 19227860
17.58 19240158
17.59 19253073
17.60 19266680
17.61 19279687
17.62 19293124
17.63 19303727
17.64 19316872
17.65 19329947
17.66 19342164
17.67 19354675
17.68 19367968
17.69 19379534
17.70 19391632
17.71 19404555
17.72 19416717
17.73 19429529
17.74 19441546
17.75 19453003
17.76 19465695
17.77 19478750
17.78 19490510
17.79 19502334
17.80 19510674
17.81 19517600
17.82 19529408
17.83 19540881
17.84 19553689
17.85 19566166
17.86 19580363
17.87 19593269
17.88 19606752
17.89 19619710
17.90 19632584
17.91 19644469
17.92 19652116
17.93 19665355
17.94 19677141
17.95 19689962
17.96 19703609
17.97 19716299
17.98 19728314
17.99 19740629
18.00 19753707
18.01 19765611
18.02 19778720
18.03 19789296
18.04 19801023
18.05 19812717
18.06 19822018
18.07 19834200
18.08 19847392
18.09 19860635
18.10 19873988
18.11 19887506
18.12 19901642
18.13 19915619
18.14 19928839
18.15 19942482
18.16 19956034
18.17 19969466
18.18 19982623
18.19 19995367
18.20 20008198
18.21 20020871
18.22 20033799
18.23 20047908
18.24 20061394
18.25 20074172
18.26 20087462
18.27 20099996
18.28 20112626
18.29 20125350
18.30 20138332
18.31 20152173
18.32 20164558
18.33 20176553
18.34 20189825
18.35 20203302
18.36 20215861
18.37 20228819
18.38 20241914
18.39 20255779
18.40 20269905
18.41 20282578
18.42 20295124
18.43 20309492
18.44 20321842
18.45 20334208
18.46 20346588
18.47 20359676
18.48 20371853
18.49 20384090
18.50 20396256
18.51 20409355
18.52 20422020
18.53 20434651
18.54 20446385
18.55 20458400
18.56 20471436
18.57 20483370
18.58 20493916
18.59 20506421
18.60 20518915
18.61 20530676
18.62 20542976
18.63 20555841
18.64 20566390
18.65 20579691
18.66 20592749
18.67 20605706
18.68 20618276
18.69 20628451
18.70 20635938
18.71 20647366
18.72 20659346
18.73 20672382
18.74 20685945
18.75 20698529
18.76 20711671
18.77 20724470
18.78 20737745
18.79 20750331
18.80 20762477
18.81 20774530
18.82 20787482
18.83 20800285
18.84 20813776
18.85 20826564
18.86 20838352
18.87 20850626
18.88 20862107
18.89 20873154
18.90 20884130
18.91 20896219
18.92 20910256
18.93 20923861
18.94 20937377
18.95 20950301
18.96 20963913
18.97 20974946
18.98 20986268
18.99 20998425
19.00 21010493
19.01 21023529
19.02 21036252
19.03 21048929
19.04 21061101
19.05 21071548
19.06 21082898
19.07 21089472
19.08 21102756
19.09 21115715
19.10 21128209
19.11 21139844
19.12 21151504
19.13 21163448
19.14 21176102
19.15 21188162
19.16 21201008
19.17 21214306
19.18 21225525
19.19 21235809
19.20 21249116
19.21 21262587
19.22 21273735
19.23 21287831
19.24 21300890
19.25 21312323
19.26 21323402
19.27 21334316
19.28 21345486
19.29 21357274
19.30 21369465
19.31 21381307
19.32 21393245
19.33 21405179
19.34 21416771
19.35 21429435
19.36 21441941
19.37 21452031
19.38 21464061
19.39 21475726
19.40 21488229
19.41 21500630
19.42 21513626
19.43 21526325
19.44 21538985
19.45 21551720
19.46 21565112
19.47 21578018
19.48 21590796
19.49 21603063
19.50 21615435
19.51 21627562
19.52 21639806
19.53 21652541
19.54 21665161
19.55 21674905
19.56 21686868
19.57 21698514
19.58 21710857
19.59 21722168
19.60 21734050
19.61 21746725
19.62 21758867
19.63 21771217
19.64 21783401
19.65 21795854
19.66 21808347
19.67 21820366
19.68 21832645
19.69 21844922
19.70 21856609
19.71 21868650
19.72 21881278
19.73 21894110
19.74 21906789
19.75 21920034
19.76 21932789
19.77 21944258
19.78 21955930
19.79 21968275
19.80 21981382
19.81 21992316
19.82 22004333
19.83 22016329
19.84 22029333
19.85 22040805
19.86 22052783
19.87 22064740
19.88 22078082
19.89 22090329
19.90 22102805
19.91 22114217
19.92 22124647
19.93 22135615
19.94 22148018
19.95 22160126
19.96 22171538
19.97 22182944
19.98 22194633
19.99 22206804
20.00 22219217
20.01 22230850
20.02 22243544
20.03 22255853
20.04 22269075
20.05 22281460
20.06 22294644
20.07 22307462
20.08 22320405
20.09 22333377
20.10 22346219
20.11 22358889
20.12 22372112
20.13 22384720
20.14 22397115
20.15 22410177
20.16 22423076
20.17 22436352
20.18 22449094
20.19 22462538
20.20 22474895
20.21 22487173
20.22 22498922
20.23 22510997
20.24 22524213
20.25 22536709
20.26 22550102
20.27 22563180
20.28 22575104
20.29 22587791
20.30 22599994
20.31 22613607
20.32 22627718
20.33 22640501
20.34 22654687
20.35 22668219
20.36 22682711
20.37 22697340
20.38 22710686
20.39 22723109
20.40 22735758
20.41 22749596
20.42 22763892
20.43 22776474
20.44 22790249
20.45 22803222
20.46 22815656
20.47 22827912
20.48 22839143
20.49 22850978
20.50 22862864
20.51 22875953
20.52 22889560
20.53 22902827
20.54 22915416
20.55 22928367
20.56 22941661
20.57 22955716
20.58 22968675
20.59 22980844
20.60 22992438
20.61 23003741
20.62 23014355
20.63 23024940
20.64 23035613
20.65 23046257
20.66 23057097
20.67 23068235
20.68 23079284
20.69 23089671
20.70 23099962
20.71 23110746
20.72 23120530
20.73 23130148
20.74 23140380
20.75 23150730
20.76 23163260
20.77 23174436
20.78 23187862
20.79 23201234
20.80 23213982
20.81 23226987
20.82 23240505
20.83 23252578
20.84 23265655
20.85 23277149
20.86 23290452
20.87 23303650
20.88 23316126
20.89 23327806
20.90 23341481
20.91 23353312
20.92 23366593
20.93 23379316
20.94 23392571
20.95 23405816
20.96 23420181
20.97 23433273
20.98 23446072
20.99 23456028
21.00 23467049
21.01 23478146
21.02 23489177
21.03 23498869
21.04 23509043
21.05 23521774
21.06 23533131
21.07 23544401
21.08 23556832
21.09 23567986
21.10 23575146
21.11 23582154
21.12 23591569
21.13 23602850
21.14 23612308
21.15 23622394
21.16 23635807
21.17 23648848
21.18 23661282
21.19 23672381
21.20 23683837
21.21 23696396
21.22 23706662
21.23 23713688
21.24 23721148
21.25 23730298
21.26 23737555
21.27 23744357
21.28 23753523
21.29 23765241
21.30 23776326
21.31 23786835
21.32 23797958
21.33 23809339
21.34 23818047
21.35 23828671
21.36 23839681
21.37 23851154
21.38 23863601
21.39 23874123
21.40 23884776
21.41 23896217
21.42 23905760
21.43 23916985
21.44 23929337
21.45 23940422
21.46 23952711
21.47 23961452
21.48 23973836
21.49 23986812
21.50 23999086
21.51 24011015
21.52 24023185
21.53 24035498
21.54 24047979
21.55 24061024
21.56 24073534
21.57 24085961
21.58 24096885
21.59 24108594
21.60 24119952
21.61 24133244
21.62 24146417
21.63 24157777
21.64 24169652
21.65 24177582
21.66 24187988
21.67 24198721
21.68 24204785
21.69 24209316
21.70 24221557
21.71 24233202
21.72 24244274
21.73 24255540
21.74 24265740
21.75 24277465
21.76 24290007
21.77 24302084
21.78 24315166
21.79 24328388
21.80 24339974
21.81 24352629
21.82 24365064
21.83 24377594
21.84 24389669
21.85 24401218
21.86 24413130
21.87 24424801
21.88 24436127
21.89 24448264
21.90 24460034
21.91 24472004
21.92 24483568
21.93 24494444
21.94 24505358
21.95 24517166
21.96 24528496
21.97 24539957
21.98 24551033
21.99 24561096
22.00 24573054
22.01 24584397
22.02 24595313
22.03 24603881
22.04 24615215
22.05 24627338
22.06 24640419
22.07 24653523
22.08 24666870
22.09 24679540
22.10 24693356
22.11 24706448
22.12 24718634
22.13 24731852
22.14 24744359
22.15 24757183
22.16 24770120
22.17 24778736
22.18 24789545
22.19 24802464
22.20 24814965
22.21 24826356
22.22 24838344
22.23 24850244
22.24 24862330
22.25 24874331
22.26 24887119
22.27 24898811
22.28 24911978
22.29 24924497
22.30 24938140
22.31 24951583
22.32 24964686
22.33 24977134
22.34 24989101
22.35 25001135
22.36 25013747
22.37 25026178
22.38 25040637
22.39 25053663
22.40 25066205
22.41 25079598
22.42 25091948
22.43 25105463
22.44 25118795
22.45 25130806
22.46 25144374
22.47 25157155
22.48 25170170
22.49 25184055
22.50 25196908
22.51 25209749
22.52 25221769
22.53 25233794
22.54 25247585
22.55 25260848
22.56 25272950
22.57 25285211
22.58 25297894
22.59 25310792
22.60 25321519
22.61 25331784
22.62 25341835
22.63 25352218
22.64 25363143
22.65 25374410
22.66 25384690
22.67 25394835
22.68 25405639
22.69 25417705
22.70 25429391
22.71 25440951
22.72 25452087
22.73 25462150
22.74 25472979
22.75 25484058
22.76 25495055
22.77 25507303
22.78 25519084
22.79 25531875
22.80 25545496
22.81 25557291
22.82 25571274
22.83 25582540
22.84 25593974
22.85 25605617
22.86 25616466
22.87 25628667
22.88 25640459
22.89 25652258
22.90 25663692
22.91 25675368
22.92 25687123
22.93 25698310
22.94 25709885
22.95 25721165
22.96 25732858
22.97 25742450
22.98 25753130
22.99 25764608
23.00 25777094
23.01 25788410
23.02 25799470
23.03 25810827
23.04 25822390
23.05 25835720
23.06 25847953
23.07 25860795
23.08 25872411
23.09 25884122
23.10 25891626
23.11 25903779
23.12 25909747
23.13 25917984
23.14 25929485
23.15 25939004
23.16 25950338
23.17 25961096
23.18 25972422
23.19 25983725
23.20 25995433
23.21 26006644
23.22 26018113
23.23 26029367
23.24 26040401
23.25 26051896
23.26 26065216
23.27 26077093
23.28 26088951
23.29 26100837
23.30 26112753
23.31 26125055
23.32 26137291
23.33 26149220
23.34 26161322
23.35 26173096
23.36 26186692
23.37 26200335
23.38 26213268
23.39 26227334
23.40 26240139
23.41 26253047
23.42 26265536
23.43 26277810
23.44 26290874
23.45 26302453
23.46 26315025
23.47 26327895
23.48 26340593
23.49 26353438
23.50 26364395
23.51 26377352
23.52 26387970
23.53 26400554
23.54 26413519
23.55 26425017
23.56 26436994
23.57 26447723
23.58 26459671
23.59 26471138
23.60 26481903
23.61 26492849
23.62 26506351
23.63 26518922
23.64 26531523
23.65 26541969
23.66 26552930
23.67 26565242
23.68 26576756
23.69 26589579
23.70 26602139
23.71 26612785
23.72 26624978
23.73 26637514
23.74 26649236
23.75 26660509
23.76 26672509
23.77 26685339
23.78 26697187
23.79 26710339
23.80 26723181
23.81 26735147
23.82 26748891
23.83 26761215
23.84 26773248
23.85 26785497
23.86 26796704
23.87 26808965
23.88 26821810
23.89 26834063
23.90 26846446
23.91 26858941
23.92 26870484
23.93 26879645
23.94 26892394
23.95 26905630
23.96 26917039
23.97 26929971
23.98 26942732
23.99 26956195
24.00 26968533
24.01 26979971
24.02 26992606
24.03 27004531
24.04 27017432
24.05 27029907
24.06 27042441
24.07 27055410
24.08 27067988
24.09 27078487
24.10 27091476
24.11 27103991
24.12 27115622
24.13 27127914
24.14 27140208
24.15 27151574
24.16 27164196
24.17 27176981
24.18 27189313
24.19 27201451
24.20 27214117
24.21 27226085
24.22 27237552
24.23 27249215
24.24 27261622
24.25 27274084
24.26 27287384
24.27 27299801
24.28 27311323
24.29 27323744
24.30 27336013
24.31 27348853
24.32 27361224
24.33 27373660
24.34 27385409
24.35 27395868
24.36 27409339
24.37 27422247
24.38 27435424
24.39 27447833
24.40 27459420
24.41 27469422
24.42 27481694
24.43 27491520
24.44 27505017
24.45 27517994
24.46 27530182
24.47 27543086
24.48 27555159
24.49 27568137
24.50 27580220
24.51 27591724
24.52 27603813
24.53 27615542
24.54 27625772
24.55 27637151
24.56 27648901
24.57 27660203
24.58 27672582
24.59 27683215
24.60 27691211
24.61 27702708
24.62 27713771
24.63 27724424
24.64 27735696
24.65 27747350
24.66 27758644
24.67 27770045
24.68 27781950
24.69 27792861
24.70 27803118
24.71 27814333
24.72 27825425
24.73 27837180
24.74 27848569
24.75 27859217
24.76 27870996
24.77 27881797
24.78 27891066
24.79 27902524
24.80 27915273
24.81 27927062
24.82 27939540
24.83 27952378
24.84 27964698
24.85 27976336
24.86 27988303
24.87 28000409
24.88 28012159
24.89 28023249
24.90 28034510
24.91 28045688
24.92 28057419
24.93 28068440
24.94 28081030
24.95 28090657
24.96 28101951
24.97 28113121
24.98 28125327
24.99 28137952
25.00 28149164
25.01 28161420
25.02 28173888
25.03 28183312
25.04 28194358
25.05 28207434
25.06 28219684
25.07 28232980
25.08 28245755
25.09 28259614
25.10 28271941
25.11 28285692
25.12 28298404
25.13 28305122
25.14 28313210
25.15 28326508
25.16 28339531
25.17 28352984
25.18 28366492
25.19 28379754
25.20 28392692
25.21 28405682
25.22 28420468
25.23 28433319
25.24 28446203
25.25 28458236
25.26 28471425
25.27 28484634
25.28 28496111
25.29 28507888
25.30 28519551
25.31 28530760
25.32 28542208
25.33 28554207
25.34 28565072
25.35 28577354
25.36 28589523
25.37 28600988
25.38 28611990
25.39 28623141
25.40 28635032
25.41 28648308
25.42 28660330
25.43 28672406
25.44 28683986
25.45 28696105
25.46 28706909
25.47 28718727
25.48 28729723
25.49 28741371
25.50 28753595
25.51 28765763
25.52 28777681
25.53 28789365
25.54 28800722
25.55 28812238
25.56 28823958
25.57 28837090
25.58 28849250
25.59 28860431
25.60 28871039
25.61 28882968
25.62 28895716
25.63 28907692
25.64 28919418
25.65 28930920
25.66 28941781
25.67 28952883
25.68 28960080
25.69 28970573
25.70 28982176
25.71 28996669
25.72 29009045
25.73 29016519
25.74 29022387
25.75 29026922
25.76 29031123
25.77 29035776
25.78 29039687
25.79 29044539
25.80 29055962
25.81 29067456
25.82 29079964
25.83 29092042
25.84 29102995
25.85 29114373
25.86 29124321
25.87 29137131
25.88 29150312
25.89 29162891
25.90 29175376
25.91 29188399
25.92 29201135
25.93 29213832
25.94 29225488
25.95 29236505
25.96 29247878
25.97 29258446
25.98 29269538
25.99 29279812
26.00 29292539
26.01 29304187
26.02 29316748
26.03 29328201
26.04 29340008
26.05 29352507
26.06 29364555
26.07 29375292
26.08 29386356
26.09 29398971
26.10 29409128
26.11 29420149
26.12 29432444
26.13 29445325
26.14 29456200
26.15 29468703
26.16 29477761
26.17 29490972
26.18 29503312
26.19 29515389
26.20 29527112
26.21 29538841
26.22 29551311
26.23 29563387
26.24 29573591
26.25 29586777
26.26 29598961
26.27 29610060
26.28 29621329
26.29 29634409
26.30 29648091
26.31 29659748
26.32 29671120
26.33 29682380
26.34 29694303
26.35 29706764
26.36 29718665
26.37 29731210
26.38 29742654
26.39 29753555
26.40 29763767
26.41 29775359
26.42 29785785
26.43 29797597
26.44 29808406
26.45 29819338
26.46 29829820
26.47 29839415
26.48 29851629
26.49 29864332
26.50 29876068
26.51 29887306
26.52 29899382
26.53 29910904
26.54 29922436
26.55 29934348
26.56 29946779
26.57 29958945
26.58 29970309
26.59 29979982
26.60 29989485
26.61 30000081
26.62 30010634
26.63 30019708
26.64 30029791
26.65 30039850
26.66 30050781
26.67 30061555
26.68 30072562
26.69 30082457
26.70 30093517
26.71 30104766
26.72 30115211
26.73 30125587
26.74 30136900
26.75 30146823
26.76 30156791
26.77 30167450
26.78 30178604
26.79 30190106
26.80 30200095
26.81 30210126
26.82 30220421
26.83 30230087
26.84 30239951
26.85 30250154
26.86 30260401
26.87 30268093
26.88 30276308
26.89 30285586
26.90 30294569
26.91 30303416
26.92 30312696
26.93 30320351
26.94 30328107
26.95 30337333
26.96 30345855
26.97 30353914
26.98 30363500
26.99 30373238
27.00 30384012
27.01 30394673
27.02 30402853
27.03 30411316
27.04 30422310
27.05 30433039
27.06 30443027
27.07 30453056
27.08 30462690
27.09 30472751
27.10 30482104
27.11 30491001
27.12 30500157
27.13 30508612
27.14 30517121
27.15 30525824
27.16 30534483
27.17 30544113
27.18 30552089
27.19 30560187
27.20 30569821
27.21 30578014
27.22 30586414
27.23 30595576
27.24 30604370
27.25 30612561
27.26 30620818
27.27 30629254
27.28 30637746
27.29 30647112
27.30 30655650
27.31 30665447
27.32 30674498
27.33 30683639
27.34 30692219
27.35 30701612
27.36 30710489
27.37 30719767
27.38 30729069
27.39 30737228
27.40 30745809
27.41 30755139
27.42 30762912
27.43 30770624
27.44 30780675
27.45 30791689
27.46 30802180
27.47 30811022
27.48 30822000
27.49 30832734
27.50 30840815
27.51 30848790
27.52 30857669
27.53 30866006
27.54 30874436
27.55 30884191
27.56 30894825
27.57 30903287
27.58 30913185
27.59 30921715
27.60 30930822
27.61 30940000
27.62 30949573
27.63 30957869
27.64 30967412
27.65 30976055
27.66 30986408
27.67 30995261
27.68 31005830
27.69 31015242
27.70 31026300
27.71 31036230
27.72 31043380
27.73 31049984
27.74 31059276
27.75 31066955
27.76 31077397
27.77 31086805
27.78 31095714
27.79 31106532
27.80 31118288
27.81 31126929
27.82 31136753
27.83 31145375
27.84 31153316
27.85 31164841
27.86 31175281
27.87 31185446
27.88 31196421
27.89 31201689
27.90 31207600
27.91 31216285
27.92 31223132
27.93 31231428
27.94 31238975
27.95 31246845
27.96 31255749
27.97 31262468
27.98 31269026
27.99 31279566
28.00 31285612
28.01 31292540
28.02 31300238
28.03 31310548
28.04 31319668
28.05 31329706
28.06 31339038
28.07 31348832
28.08 31358513
28.09 31368746
28.10 31379898
28.11 31391551
28.12 31402207
28.13 31411987
28.14 31423544
28.15 31433802
28.16 31445040
28.17 31457147
28.18 31467285
28.19 31475563
28.20 31484716
28.21 31495912
28.22 31500132
28.23 31511188
28.24 31521575
28.25 31533202
28.26 31544273
28.27 31555191
28.28 31566830
28.29 31578626
28.30 31589304
28.31 31600099
28.32 31610483
28.33 31621066
28.34 31633337
28.35 31643053
28.36 31653495
28.37 31662916
28.38 31672538
28.39 31682904
28.40 31693788
28.41 31701040
28.42 31708913
28.43 31717281
28.44 31727011
28.45 31738010
28.46 31749361
28.47 31759997
28.48 31768511
28.49 31777929
28.50 31789323
28.51 31799290
28.52 31809654
28.53 31821376
28.54 31827621
28.55 31836418
28.56 31846675
28.57 31856571
28.58 31869197
28.59 31880897
28.60 31893137
28.61 31901543
28.62 31908177
28.63 31918470
28.64 31929705
28.65 31936213
28.66 31943756
28.67 31955367
28.68 31966698
28.69 31977536
28.70 31990574
28.71 32003671
28.72 32016764
28.73 32028381
28.74 32041197
28.75 32053628
28.76 32065646
28.77 32077068
28.78 32087965
28.79 32100240
28.80 32113042
28.81 32124808
28.82 32137645
28.83 32149955
28.84 32162579
28.85 32174555
28.86 32186628
28.87 32197701
28.88 32209207
28.89 32220610
28.90 32232471
28.91 32243517
28.92 32255553
28.93 32266879
28.94 32277802
28.95 32289391
28.96 32299821
28.97 32310675
28.98 32323249
28.99 32333651
29.00 32346390
29.01 32357869
29.02 32369889
29.03 32380747
29.04 32392785
29.05 32404118
29.06 32415362
29.07 32427135
29.08 32437535
29.09 32449839
29.10 32461423
29.11 32472526
29.12 32482467
29.13 32493246
29.14 32503639
29.15 32514369
29.16 32526495
29.17 32539288
29.18 32551836
29.19 32565543
29.20 32578659
29.21 32590885
29.22 32601852
29.23 32614912
29.24 32627453
29.25 32640691
29.26 32653439
29.27 32666836
29.28 32680332
29.29 32691748
29.30 32704745
29.31 32716240
29.32 32727878
29.33 32739495
29.34 32750308
29.35 32761277
29.36 32772382
29.37 32782840
29.38 32792372
29.39 32803718
29.40 32814872
29.41 32825998
29.42 32835851
29.43 32846198
29.44 32856252
29.45 32868468
29.46 32879749
29.47 32891095
29.48 32904662
29.49 32917233
29.50 32930996
29.51 32943455
29.52 32956346
29.53 32969259
29.54 32979554
29.55 32992332
29.56 33005487
29.57 33016142
29.58 33029235
29.59 33041688
29.60 33053492
29.61 33066475
29.62 33080212
29.63 33093327
29.64 33106948
29.65 33120198
29.66 33133174
29.67 33145926
29.68 33159705
29.69 33171655
29.70 33184992
29.71 33197148
29.72 33210560
29.73 33221856
29.74 33233018
29.75 33244438
29.76 33255203
29.77 33266435
29.78 33277889
29.79 33290323
29.80 33300674
29.81 33310565
29.82 33320800
29.83 33330047
29.84 33340560
29.85 33351337
29.86 33362439
29.87 33373303
29.88 33384940
29.89 33394826
29.90 33406608
29.91 33417836
29.92 33430647
29.93 33443970
29.94 33454916
29.95 33466575
29.96 33477677
29.97 33488526
29.98 33500735
29.99 33511888
30.00 33524028
30.01 33536531
30.02 33547848
30.03 33559345
30.04 33571244
30.05 33582920
30.06 33594182
30.07 33606707
30.08 33618935
30.09 33630554
30.10 33642285
30.11 33653656
30.12 33666032
30.13 33678766
30.14 33691268
30.15 33703336
30.16 33715731
30.17 33728020
30.18 33741544
30.19 33753681
30.20 33764788
30.21 33776177
30.22 33788175
30.23 33800189
30.24 33812760
30.25 33823365
30.26 33833732
30.27 33843931
30.28 33854254
30.29 33866424
30.30 33878656
30.31 33891822
30.32 33903808
30.33 33915876
30.34 33927514
30.35 33938526
30.36 33948884
30.37 33960325
30.38 33972127
30.39 33982749
30.40 33994155
30.41 34005662
30.42 34018007
30.43 34028599
30.44 34041159
30.45 34052853
30.46 34065910
30.47 34077550
30.48 34089907
30.49 34101366
30.50 34111313
30.51 34123444
30.52 34135321
30.53 34148092
30.54 34160112
30.55 34170237
30.56 34177048
30.57 34183581
30.58 34193778
30.59 34201137
30.60 34206825
30.61 34218320
30.62 34230938
30.63 34243448
30.64 34254439
30.65 34265639
30.66 34272130
30.67 34280834
30.68 34291647
30.69 34302893
30.70 34314627
30.71 34325975
30.72 34337148
30.73 34346738
30.74 34355906
30.75 34367273
30.76 34378188
30.77 34389814
30.78 34402347
30.79 34413968
30.80 34425107
30.81 34434477
30.82 34446239
30.83 34456232
30.84 34468323
30.85 34479881
30.86 34490658
30.87 34502543
30.88 34513875
30.89 34524157
30.90 34535908
30.91 34547388
30.92 34558992
30.93 34568116
30.94 34579370
30.95 34591352
30.96 34602975
30.97 34613541
30.98 34622970
30.99 34635217
31.00 34647434
31.01 34661441
31.02 34673311
31.03 34685140
31.04 34696088
31.05 34706292
31.06 34718441
31.07 34729649
31.08 34741731
31.09 34749001
31.10 34760394
31.11 34771278
31.12 34779833
31.13 34788927
31.14 34800862
31.15 34813648
31.16 34823023
31.17 34832817
31.18 34842734
31.19 34852027
31.20 34860878
31.21 34869878
31.22 34879357
31.23 34888964
31.24 34895521
31.25 34904649
31.26 34914919
31.27 34924903
31.28 34935978
31.29 34946543
31.30 34958247
31.31 34969043
31.32 34979708
31.33 34992424
31.34 35003426
31.35 35015377
31.36 35025617
31.37 35037104
31.38 35049177
31.39 35060625
31.40 35071519
31.41 35083607
31.42 35094872
31.43 35107469
31.44 35118859
31.45 35130166
31.46 35141853
31.47 35153563
31.48 35164677
31.49 35175426
31.50 35188606
31.51 35199940
31.52 35210983
31.53 35221958
31.54 35234892
31.55 35246771
31.56 35260184
31.57 35272564
31.58 35285305
31.59 35297656
31.60 35308403
31.61 35319015
31.62 35329680
31.63 35340890
31.64 35351432
31.65 35363107
31.66 35374852
31.67 35386619
31.68 35397600
31.69 35408353
31.70 35419470
31.71 35430848
31.72 35442570
31.73 35453953
31.74 35465775
31.75 35477277
31.76 35489127
31.77 35501169
31.78 35512837
31.79 35524941
31.80 35536929
31.81 35549105
31.82 35561367
31.83 35573356
31.84 35584730
31.85 35596690
31.86 35608383
31.87 35620098
31.88 35631590
31.89 35643176
31.90 35656031
31.91 35668678
31.92 35681652
31.93 35694661
31.94 35707671
31.95 35720514
31.96 35732953
31.97 35744866
31.98 35757801
31.99 35770645
32.00 35782252
32.01 35794726
32.02 35806330
32.03 35812907
32.04 35821211
32.05 35830054
32.06 35844205
32.07 35857361
32.08 35870426
32.09 35883551
32.10 35896439
32.11 35908724
32.12 35918682
32.13 35923494
32.14 35927945
32.15 35934521
32.16 35945741
32.17 35953453
32.18 35964692
32.19 35976209
32.20 35989816
32.21 36002388
32.22 36014720
32.23 36027404
32.24 36038582
32.25 36050521
32.26 36061261
32.27 36073063
32.28 36085407
32.29 36097439
32.30 36109252
32.31 36122789
32.32 36134439
32.33 36145811
32.34 36156499
32.35 36168742
32.36 36179833
32.37 36191919
32.38 36200513
32.39 36209744
32.40 36220985
32.41 36232375
32.42 36243756
32.43 36255922
32.44 36267574
32.45 36278180
32.46 36290838
32.47 36303637
32.48 36315967
32.49 36327415
32.50 36340405
32.51 36352696
32.52 36365994
32.53 36378560
32.54 36392332
32.55 36404849
32.56 36417584
32.57 36431157
32.58 36443841
32.59 36455389
32.60 36466770
32.61 36479836
32.62 36492639
32.63 36506714
32.64 36520072
32.65 36533381
32.66 36546552
32.67 36559924
32.68 36573765
32.69 36585699
32.70 36596276
32.71 36607924
32.72 36616598
32.73 36629881
32.74 36641413
32.75 36653093
32.76 36663463
32.77 36676453
32.78 36686355
32.79 36695406
32.80 36705438
32.81 36714593
32.82 36720256
32.83 36729021
32.84 36736399
32.85 36746570
32.86 36758446
32.87 36770673
32.88 36782386
32.89 36792234
32.90 36802577
32.91 36812546
32.92 36820614
32.93 36830945
32.94 36841866
32.95 36853261
32.96 36861892
32.97 36873320
32.98 36885130
32.99 36896397
33.00 36904707
33.01 36915664
33.02 36927586
33.03 36940617
33.04 36952767
33.05 36965690
33.06 36978188
33.07 36991505
33.08 37004464
33.09 37017173
33.10 37029461
33.11 37042414
33.12 37054996
33.13 37067592
33.14 37079156
33.15 37091757
33.16 37103496
33.17 37115044
33.18 37126649
33.19 37136890
33.20 37148056
33.21 37159077
33.22 37165781
33.23 37177721
33.24 37189938
33.25 37202615
33.26 37209165
33.27 37211348
33.28 37222225
33.29 37233391
33.30 37245253
33.31 37250681
33.32 37264085
33.33 37277177
33.34 37290825
33.35 37303139
33.36 37316255
33.37 37330339
33.38 37343717
33.39 37350434
33.40 37362951
33.41 37376062
33.42 37390102
33.43 37403368
33.44 37417187
33.45 37431120
33.46 37444045
33.47 37457805
33.48 37471376
33.49 37480740
33.50 37490996
33.51 37503284
33.52 37516760
33.53 37530207
33.54 37544560
33.55 37557872
33.56 37570747
33.57 37585241
33.58 37598181
33.59 37610636
33.60 37623057
33.61 37636889
33.62 37650580
33.63 37663852
33.64 37676364
33.65 37689835
33.66 37703477
33.67 37717109
33.68 37730275
33.69 37743428
33.70 37757405
33.71 37769598
33.72 37782917
33.73 37796034
33.74 37808061
33.75 37821224
33.76 37835425
33.77 37848391
33.78 37862506
33.79 37875986
33.80 37889337
33.81 37901785
33.82 37913166
33.83 37925501
33.84 37937757
33.85 37950425
33.86 37963529
33.87 37976499
33.88 37990235
33.89 38003864
33.90 38016786
33.91 38028958
33.92 38040398
33.93 38053950
33.94 38067050
33.95 38079948
33.96 38093419
33.97 38106890
33.98 38120517
33.99 38134160
34.00 38147977
34.01 38161013
34.02 38174593
34.03 38187870
34.04 38201872
34.05 38215221
34.06 38229181
34.07 38241874
34.08 38254655
34.09 38268487
34.10 38281609
34.11 38295535
34.12 38308779
34.13 38322664
34.14 38336548
34.15 38350536
34.16 38364562
34.17 38377175
34.18 38390384
34.19 38404163
34.20 38417932
34.21 38429774
34.22 38442407
34.23 38455307
34.24 38468248
34.25 38479866
34.26 38492286
34.27 38504751
34.28 38517629
34.29 38530552
34.30 38543952
34.31 38557217
34.32 38569681
34.33 38583745
34.34 38596981
34.35 38609094
34.36 38622598
34.37 38636344
34.38 38649535
34.39 38661593
34.40 38674511
34.41 38687810
34.42 38701036
34.43 38714486
34.44 38728262
34.45 38741318
34.46 38753196
34.47 38765920
34.48 38778294
34.49 38791027
34.50 38804236
34.51 38817231
34.52 38830028
34.53 38843368
34.54 38856661
34.55 38869822
34.56 38883561
34.57 38897238
34.58 38910765
34.59 38922888
34.60 38935675
34.61 38949469
34.62 38962329
34.63 38976062
34.64 38989255
34.65 39002140
34.66 39015575
34.67 39029088
34.68 39042836
34.69 39056353
34.70 39070161
34.71 39084439
34.72 39098385
34.73 39112132
34.74 39125849
34.75 39139227
34.76 39152961
34.77 39166481
34.78 39179804
34.79 39193064
34.80 39206283
34.81 39218707
34.82 39228850
34.83 39241123
34.84 39253424
34.85 39265113
34.86 39277598
34.87 39290471
34.88 39302415
34.89 39314579
34.90 39324133
34.91 39333849
34.92 39346484
34.93 39359667
34.94 39372790
34.95 39385543
34.96 39398778
34.97 39411886
34.98 39425037
34.99 39438828
35.00 39451843
35.01 39465263
35.02 39479526
35.03 39491653
35.04 39504709
35.05 39517010
35.06 39530053
35.07 39543408
35.08 39556201
35.09 39568384
35.10 39581301
35.11 39595228
35.12 39607631
35.13 39620223
35.14 39633296
35.15 39646488
35.16 39660104
35.17 39673364
35.18 39686710
35.19 39700508
35.20 39714044
35.21 39727044
35.22 39740388
35.23 39754164
35.24 39766373
35.25 39779680
35.26 39793189
35.27 39807013
35.28 39820843
35.29 39834330
35.30 39848697
35.31 39862264
35.32 39876126
35.33 39889754
35.34 39903094
35.35 39916142
35.36 39929461
35.37 39942935
35.38 39956908
35.39 39970318
35.40 39983111
35.41 39995805
35.42 40008144
35.43 40020611
35.44 40034299
35.45 40046749
35.46 40059464
35.47 40072225
35.48 40085231
35.49 40098344
35.50 40111596
35.51 40125675
35.52 40139814
35.53 40153215
35.54 40165886
35.55 40178530
35.56 40191769
35.57 40205055
35.58 40218175
35.59 40230932
35.60 40237549
35.61 40249317
35.62 40262369
35.63 40273914
35.64 40284743
35.65 40296745
35.66 40310108
35.67 40321573
35.68 40331551
35.69 40343026
35.70 40356318
35.71 40369576
35.72 40382764
35.73 40395946
35.74 40409441
35.75 40422725
35.76 40435746
35.77 40447855
35.78 40459991
35.79 40472979
35.80 40487191
35.81 40500107
35.82 40513920
35.83 40528009
35.84 40541405
35.85 40554520
35.86 40568205
35.87 40581599
35.88 40594627
35.89 40608416
35.90 40621438
35.91 40634754
35.92 40647596
35.93 40661940
35.94 40675028
35.95 40688490
35.96 40702608
35.97 40716256
35.98 40729621
35.99 40742255
36.00 40754661
36.01 40767149
36.02 40780827
36.03 40794102
36.04 40807465
36.05 40819132
36.06 40832283
36.07 40845718
36.08 40858968
36.09 40871449
36.10 40883589
36.11 40896960
36.12 40910436
36.13 40923008
36.14 40936512
36.15 40948923
36.16 40962547
36.17 40975582
36.18 40988866
36.19 41001796
36.20 41016375
36.21 41030145
36.22 41043975
36.23 41057190
36.24 41070897
36.25 41083306
36.26 41096210
36.27 41110652
36.28 41124199
36.29 41137515
36.30 41150743
36.31 41163797
36.32 41175171
36.33 41188841
36.34 41202003
36.35 41215210
36.36 41228663
36.37 41241826
36.38 41254774
36.39 41268914
36.40 41282093
36.41 41295967
36.42 41309461
36.43 41322081
36.44 41332728
36.45 41342681
36.46 41353908
36.47 41365636
36.48 41377290
36.49 41389312
36.50 41401596
36.51 41413892
36.52 41426754
36.53 41440068
36.54 41453330
36.55 41466454
36.56 41479000
36.57 41492209
36.58 41505540
36.59 41518578
36.60 41530355
36.61 41543462
36.62 41556401
36.63 41568922
36.64 41582346
36.65 41595032
36.66 41607387
36.67 41619462
36.68 41631704
36.69 41642912
36.70 41655586
36.71 41668052
36.72 41679627
36.73 41690456
36.74 41701939
36.75 41713660
36.76 41724232
36.77 41735733
36.78 41747176
36.79 41757833
36.80 41767067
36.81 41778384
36.82 41789044
36.83 41799090
36.84 41810300
36.85 41822096
36.86 41834927
36.87 41847387
36.88 41859198
36.89 41871453
36.90 41883691
36.91 41891974
36.92 41903695
36.93 41916331
36.94 41930248
36.95 41944721
36.96 41957910
36.97 41971440
36.98 41984120
36.99 41996791
37.00 42009484
37.01 42022238
37.02 42034635
37.03 42047521
37.04 42061028
37.05 42074205
37.06 42087510
37.07 42101050
37.08 42113694
37.09 42127431
37.10 42139713
37.11 42152934
37.12 42166183
37.13 42177045
37.14 42189739
37.15 42200408
37.16 42212019
37.17 42219463
37.18 42231927
37.19 42242214
37.20 42255769
37.21 42269197
37.22 42282579
37.23 42295749
37.24 42309594
37.25 42322778
37.26 42336726
37.27 42349469
37.28 42363027
37.29 42376230
37.30 42389029
37.31 42403230
37.32 42417001
37.33 42430708
37.34 42444585
37.35 42458558
37.36 42471275
37.37 42482975
37.38 42493937
37.39 42506258
37.40 42517136
37.41 42528310
37.42 42540745
37.43 42551395
37.44 42563970
37.45 42575673
37.46 42586154
37.47 42598658
37.48 42610851
37.49 42622057
37.50 42632842
37.51 42644529
37.52 42656537
37.53 42666920
37.54 42677641
37.55 42687318
37.56 42697251
37.57 42709955
37.58 42719315
37.59 42728951
37.60 42737813
37.61 42748129
37.62 42757602
37.63 42766638
37.64 42779052
37.65 42791608
37.66 42803553
37.67 42816377
37.68 42827802
37.69 42840275
37.70 42854646
37.71 42867246
37.72 42880859
37.73 42893324
37.74 42904899
37.75 42916186
37.76 42926717
37.77 42938395
37.78 42950076
37.79 42961194
37.80 42972228
37.81 42984328
37.82 42995496
37.83 43007102
37.84 43019912
37.85 43031959
37.86 43042106
37.87 43051870
37.88 43062079
37.89 43072284
37.90 43081047
37.91 43091191
37.92 43101601
37.93 43113356
37.94 43124514
37.95 43135860
37.96 43147400
37.97 43160310
37.98 43171458
37.99 43183158
38.00 43194506
38.01 43206986
38.02 43219136
38.03 43231691
38.04 43242811
38.05 43255083
38.06 43267003
38.07 43278505
38.08 43289846
38.09 43302835
38.10 43314255
38.11 43325057
38.12 43336021
38.13 43348323
38.14 43360019
38.15 43372791
38.16 43384431
38.17 43397276
38.18 43409560
38.19 43420217
38.20 43431241
38.21 43444116
38.22 43455765
38.23 43466120
38.24 43477528
38.25 43489398
38.26 43498953
38.27 43510534
38.28 43522032
38.29 43533697
38.30 43542166
38.31 43550658
38.32 43561264
38.33 43574926
38.34 43587921
38.35 43601478
38.36 43616296
38.37 43629189
38.38 43641921
38.39 43654349
38.40 43667400
38.41 43678669
38.42 43691966
38.43 43704217
38.44 43717928
38.45 43730715
38.46 43743945
38.47 43757590
38.48 43771435
38.49 43784619
38.50 43798796
38.51 43811474
38.52 43825451
38.53 43839168
38.54 43853162
38.55 43867051
38.56 43880747
38.57 43893039
38.58 43905097
38.59 43917815
38.60 43931321
38.61 43944144
38.62 43957838
38.63 43971284
38.64 43984146
38.65 43996760
38.66 44008477
38.67 44020601
38.68 44033715
38.69 44045025
38.70 44056883
38.71 44068568
38.72 44081097
38.73 44092643
38.74 44103453
38.75 44114784
38.76 44125165
38.77 44136372
38.78 44147651
38.79 44158346
38.80 44169714
38.81 44181703
38.82 44193477
38.83 44206074
38.84 44217792
38.85 44229555
38.86 44241187
38.87 44252392
38.88 44263570
38.89 44274712
38.90 44286469
38.91 44297611
38.92 44309192
38.93 44320956
38.94 44332784
38.95 44344364
38.96 44356708
38.97 44368192
38.98 44380794
38.99 44393235
39.00 44405045
39.01 44417493
39.02 44430507
39.03 44443533
39.04 44454907
39.05 44468105
39.06 44480029
39.07 44492216
39.08 44505048
39.09 44518303
39.10 44532220
39.11 44543904
39.12 44553978
39.13 44567668
39.14 44581046
39.15 44593854
39.16 44606815
39.17 44619511
39.18 44631121
39.19 44645187
39.20 44657389
39.21 44670500
39.22 44683797
39.23 44697052
39.24 44710523
39.25 44721901
39.26 44735025
39.27 44747453
39.28 44758678
39.29 44768034
39.30 44780854
39.31 44794749
39.32 44807721
39.33 44820848
39.34 44832674
39.35 44844429
39.36 44856980
39.37 44868478
39.38 44881828
39.39 44894671
39.40 44906801
39.41 44919166
39.42 44932312
39.43 44944785
39.44 44956384
39.45 44968144
39.46 44980373
39.47 44991798
39.48 45004078
39.49 45014648
39.50 45024507
39.51 45036583
39.52 45048238
39.53 45060544
39.54 45071510
39.55 45077217
39.56 45086439
39.57 45095900
39.58 45105913
39.59 45115920
39.60 45125301
39.61 45136914
39.62 45150670
39.63 45163939
39.64 45177240
39.65 45190818
39.66 45204170
39.67 45217957
39.68 45229616
39.69 45243895
39.70 45257955
39.71 45271044
39.72 45283051
39.73 45294932
39.74 45305526
39.75 45319334
39.76 45332374
39.77 45344860
39.78 45353744
39.79 45365576
39.80 45376505
39.81 45388675
39.82 45400974
39.83 45413858
39.84 45427387
39.85 45440031
39.86 45452990
39.87 45465619
39.88 45478467
39.89 45491189
39.90 45503088
39.91 45516114
39.92 45529383
39.93 45542232
39.94 45555373
39.95 45566809
39.96 45580251
39.97 45593339
39.98 45604136
39.99 45615879
40.00 45628839
40.01 45639907
40.02 45652866
40.03 45665080
40.04 45677957
40.05 45691000
40.06 45702140
40.07 45713112
40.08 45725187
40.09 45737275
40.10 45748557
40.11 45760046
40.12 45770845
40.13 45784115
40.14 45795167
40.15 45807322
40.16 45819857
40.17 45832194
40.18 45844609
40.19 45857208
40.20 45869886
40.21 45881979
40.22 45894020
40.23 45906513
40.24 45918311
40.25 45930736
40.26 45944135
40.27 45958352
40.28 45971840
40.29 45985348
40.30 45997687
40.31 46011022
40.32 46023816
40.33 46036696
40.34 46049925
40.35 46061449
40.36 46074000
40.37 46086986
40.38 46100402
40.39 46114163
40.40 46127842
40.41 46140462
40.42 46153821
40.43 46167046
40.44 46180380
40.45 46192119
40.46 46204454
40.47 46216383
40.48 46228309
40.49 46239881
40.50 46251121
40.51 46263947
40.52 46276073
40.53 46288990
40.54 46301597
40.55 46314320
40.56 46326338
40.57 46338607
40.58 46351843
40.59 46364508
40.60 46377660
40.61 46389613
40.62 46403084
40.63 46415649
40.64 46428130
40.65 46442089
40.66 46455508
40.67 46468143
40.68 46481116
40.69 46494168
40.70 46506367
40.71 46519792
40.72 46532268
40.73 46544982
40.74 46557716
40.75 46569734
40.76 46583002
40.77 46596467
40.78 46609078
40.79 46621773
40.80 46633737
40.81 46645174
40.82 46657544
40.83 46670330
40.84 46681519
40.85 46695038
40.86 46706135
40.87 46719653
40.88 46733944
40.89 46747898
40.90 46761199
40.91 46774111
40.92 46787594
40.93 46799916
40.94 46812799
40.95 46826825
40.96 46839413
40.97 46852253
40.98 46866099
40.99 46878716
41.00 46890742
41.01 46902839
41.02 46915748
41.03 46928635
41.04 46936667
41.05 46948028
41.06 46960967
41.07 46974666
41.08 46988413
41.09 46994565
41.10 47008150
41.11 47021251
41.12 47035092
41.13 47048644
41.14 47062052
41.15 47075450
41.16 47088782
41.17 47102606
41.18 47113382
41.19 47126669
41.20 47138486
41.21 47152434
41.22 47165392
41.23 47177496
41.24 47189432
41.25 47202390
41.26 47215146
41.27 47228213
41.28 47241680
41.29 47254062
41.30 47266588
41.31 47279393
41.32 47291347
41.33 47303945
41.34 47316647
41.35 47328544
41.36 47338751
41.37 47353593
41.38 47365992
41.39 47380117
41.40 47393005
41.41 47407181
41.42 47419834
41.43 47431651
41.44 47443443
41.45 47456309
41.46 47466242
41.47 47479686
41.48 47492624
41.49 47503055
41.50 47516547
41.51 47529357
41.52 47542490
41.53 47555433
41.54 47567256
41.55 47579121
41.56 47592580
41.57 47604363
41.58 47616470
41.59 47629656
41.60 47641992
41.61 47653622
41.62 47666035
41.63 47679091
41.64 47691494
41.65 47704017
41.66 47717219
41.67 47730592
41.68 47742340
41.69 47757280
41.70 47772366
41.71 47786672
41.72 47798724
41.73 47811404
41.74 47824885
41.75 47838094
41.76 47851178
41.77 47864231
41.78 47876995
41.79 47889585
41.80 47902113
41.81 47915573
41.82 47929039
41.83 47942171
41.84 47956157
41.85 47969308
41.86 47982603
41.87 47995827
41.88 48009330
41.89 48022641
41.90 48036446
41.91 48049162
41.92 48062533
41.93 48075941
41.94 48089258
41.95 48102865
41.96 48116987
41.97 48131109
41.98 48144718
41.99 48157950
42.00 48171333
42.01 48184045
42.02 48196784
42.03 48209892
42.04 48222830
42.05 48236331
42.06 48249749
42.07 48263694
42.08 48276516
42.09 48288725
42.10 48301248
42.11 48313521
42.12 48327031
42.13 48339220
42.14 48352445
42.15 48364369
42.16 48376919
42.17 48387695
42.18 48400649
42.19 48412419
42.20 48425702
42.21 48438996
42.22 48451913
42.23 48464881
42.24 48478263
42.25 48490842
42.26 48503512
42.27 48516417
42.28 48528083
42.29 48539238
42.30 48548551
42.31 48561206
42.32 48574001
42.33 48586702
42.34 48598310
42.35 48610566
42.36 48622191
42.37 48635044
42.38 48647404
42.39 48659918
42.40 48672432
42.41 48685847
42.42 48697055
42.43 48708584
42.44 48720340
42.45 48733252
42.46 48747056
42.47 48752086
42.48 48762667
42.49 48770133
42.50 48779999
42.51 48791622
42.52 48803739
42.53 48815077
42.54 48827208
42.55 48838950
42.56 48851048
42.57 48863686
42.58 48876188
42.59 48889138
42.60 48901621
42.61 48913812
42.62 48926120
42.63 48938578
42.64 48950973
42.65 48963233
42.66 48975052
42.67 48985487
42.68 48997478
42.69 49008773
42.70 49021266
42.71 49034450
42.72 49047939
42.73 49061060
42.74 49074896
42.75 49088063
42.76 49100949
42.77 49113378
42.78 49125699
42.79 49138714
42.80 49151940
42.81 49165096
42.82 49177781
42.83 49190014
42.84 49201719
42.85 49213432
42.86 49225170
42.87 49237850
42.88 49250708
42.89 49261474
42.90 49273791
42.91 49287381
42.92 49300122
42.93 49312470
42.94 49324446
42.95 49335367
42.96 49346954
42.97 49358263
42.98 49371335
42.99 49382579
43.00 49394926
43.01 49405450
43.02 49415752
43.03 49428733
43.04 49441430
43.05 49454487
43.06 49466925
43.07 49478561
43.08 49490889
43.09 49502523
43.10 49515079
43.11 49526111
43.12 49539275
43.13 49552076
43.14 49565404
43.15 49578921
43.16 49591884
43.17 49602819
43.18 49615200
43.19 49627779
43.20 49640318
43.21 49653435
43.22 49665353
43.23 49677886
43.24 49690757
43.25 49702669
43.26 49715628
43.27 49728016
43.28 49738382
43.29 49750064
43.30 49761570
43.31 49775024
43.32 49786297
43.33 49798929
43.34 49812592
43.35 49824290
43.36 49836578
43.37 49848982
43.38 49861798
43.39 49874662
43.40 49887090
43.41 49898498
43.42 49911307
43.43 49922036
43.44 49934660
43.45 49947015
43.46 49960234
43.47 49973991
43.48 49987832
43.49 50001705
43.50 50015034
43.51 50029045
43.52 50042215
43.53 50055368
43.54 50069576
43.55 50081817
43.56 50093592
43.57 50105829
43.58 50117399
43.59 50130282
43.60 50141558
43.61 50153217
43.62 50165339
43.63 50177793
43.64 50189344
43.65 50200351
43.66 50212732
43.67 50225640
43.68 50238261
43.69 50251356
43.70 50263761
43.71 50274093
43.72 50284527
43.73 50293115
43.74 50302509
43.75 50311352
43.76 50323150
43.77 50333645
43.78 50342339
43.79 50352065
43.80 50363298
43.81 50374104
43.82 50386906
43.83 50399903
43.84 50412884
43.85 50425971
43.86 50439015
43.87 50451400
43.88 50460294
43.89 50471432
43.90 50483556
43.91 50495416
43.92 50505916
43.93 50517223
43.94 50527698
43.95 50538263
43.96 50550107
43.97 50560766
43.98 50573155
43.99 50584080
44.00 50593158
44.01 50603145
44.02 50610425
44.03 50618779
44.04 50627666
44.05 50638925
44.06 50650749
44.07 50663103
44.08 50674383
44.09 50686266
44.10 50698840
44.11 50711885
44.12 50724577
44.13 50737748
44.14 50750422
44.15 50764702
44.16 50777586
44.17 50789885
44.18 50802490
44.19 50815292
44.20 50828314
44.21 50840404
44.22 50852217
44.23 50864869
44.24 50876884
44.25 50889987
44.26 50902359
44.27 50914290
44.28 50926520
44.29 50938725
44.30 50950652
44.31 50962974
44.32 50976598
44.33 50988407
44.34 50999831
44.35 51009598
44.36 51019871
44.37 51031176
44.38 51042220
44.39 51053937
44.40 51063825
44.41 51075698
44.42 51087187
44.43 51099056
44.44 51110186
44.45 51121364
44.46 51133716
44.47 51146107
44.48 51158803
44.49 51169590
44.50 51176726
44.51 51183238
44.52 51192059
44.53 51204608
44.54 51211562
44.55 51224852
44.56 51237455
44.57 51251600
44.58 51261226
44.59 51273280
44.60 51286133
44.61 51299376
44.62 51312365
44.63 51323818
44.64 51333896
44.65 51345308
44.66 51356953
44.67 51368497
44.68 51375497
44.69 51382518
44.70 51389228
44.71 51396312
44.72 51402972
44.73 51409304
44.74 51416046
44.75 51422651
44.76 51429236
44.77 51435653
44.78 51442181
44.79 51451875
44.80 51458846
44.81 51465777
44.82 51475559
44.83 51484698
44.84 51491591
44.85 51498646
44.86 51505433
44.87 51514443
44.88 51526101
44.89 51536943
44.90 51547642
44.91 51559307
44.92 51572881
44.93 51585911
44.94 51598726
44.95 51612018
44.96 51625584
44.97 51638533
44.98 51652327
44.99 51665736
45.00 51679420
45.01 51692979
45.02 51707489
45.03 51719899
45.04 51733408
45.05 51746780
45.06 51759422
45.07 51772573
45.08 51786785
45.09 51800221
45.10 51813630
45.11 51826846
45.12 51835503
45.13 51844716
45.14 51855882
45.15 51865134
45.16 51876965
45.17 51889249
45.18 51901398
45.19 51912046
45.20 51921554
45.21 51933810
45.22 51944570
45.23 51956393
45.24 51968874
45.25 51979922
45.26 51990515
45.27 52003604
45.28 52016883
45.29 52029417
45.30 52041939
45.31 52052953
45.32 52064191
45.33 52076035
45.34 52089723
45.35 52101606
45.36 52114369
45.37 52127570
45.38 52139431
45.39 52147768
45.40 52159288
45.41 52170518
45.42 52182905
45.43 52195103
45.44 52206439
45.45 52218096
45.46 52228517
45.47 52238499
45.48 52248358
45.49 52259556
45.50 52271103
45.51 52283463
45.52 52294170
45.53 52306416
45.54 52318865
45.55 52328689
45.56 52341008
45.57 52352131
45.58 52363131
45.59 52376068
45.60 52389771
45.61 52403323
45.62 52417013
45.63 52430588
45.64 52444758
45.65 52458311
45.66 52471676
45.67 52485546
45.68 52499497
45.69 52512105
45.70 52524865
45.71 52535940
45.72 52549197
45.73 52561620
45.74 52573795
45.75 52587684
45.76 52601060
45.77 52613740
45.78 52625459
45.79 52639105
45.80 52652483
45.81 52663536
45.82 52677679
45.83 52691077
45.84 52703601
45.85 52715876
45.86 52727670
45.87 52740091
45.88 52753998
45.89 52766669
45.90 52780545
45.91 52792125
45.92 52805670
45.93 52818380
45.94 52829931
45.95 52842729
45.96 52853235
45.97 52865770
45.98 52878748
45.99 52889347
46.00 52902287
46.01 52916480
46.02 52929833
46.03 52943890
46.04 52957352
46.05 52971124
46.06 52984852
46.07 52998624
46.08 53010617
46.09 53023257
46.10 53035800
46.11 53048517
46.12 53061578
46.13 53074308
46.14 53086297
46.15 53096342
46.16 53106799
46.17 53119280
46.18 53131534
46.19 53143332
46.20 53155436
46.21 53166337
46.22 53178897
46.23 53191641
46.24 53202380
46.25 53213397
46.26 53224695
46.27 53235297
46.28 53246821
46.29 53259248
46.30 53271130
46.31 53283032
46.32 53294492
46.33 53304411
46.34 53314260
46.35 53325829
46.36 53336420
46.37 53347146
46.38 53359041
46.39 53370922
46.40 53381472
46.41 53394247
46.42 53405682
46.43 53416726
46.44 53426705
46.45 53434506
46.46 53441372
46.47 53452066
46.48 53463085
46.49 53474467
46.50 53483946
46.51 53495449
46.52 53506691
46.53 53518530
46.54 53530371
46.55 53541666
46.56 53553936
46.57 53565819
46.58 53576826
46.59 53588515
46.60 53600984
46.61 53613294
46.62 53624278
46.63 53635919
46.64 53648240
46.65 53660063
46.66 53672518
46.67 53683420
46.68 53695460
46.69 53705304
46.70 53717171
46.71 53728131
46.72 53739003
46.73 53749097
46.74 53759152
46.75 53771271
46.76 53784322
46.77 53797817
46.78 53807459
46.79 53820223
46.80 53832090
46.81 53844508
46.82 53853772
46.83 53864299
46.84 53877440
46.85 53889157
46.86 53897189
46.87 53907057
46.88 53915614
46.89 53926143
46.90 53936257
46.91 53946962
46.92 53957588
46.93 53968300
46.94 53978624
46.95 53988681
46.96 53998974
46.97 54009716
46.98 54022795
46.99 54034013
47.00 54043881
47.01 54053383
47.02 54062120
47.03 54072260
47.04 54084280
47.05 54090400
47.06 54100285
47.07 54110574
47.08 54118598
47.09 54131170
47.10 54144179
47.11 54156816
47.12 54169689
47.13 54181888
47.14 54194332
47.15 54205281
47.16 54217218
47.17 54229474
47.18 54242341
47.19 54255248
47.20 54269108
47.21 54281771
47.22 54291179
47.23 54304550
47.24 54317050
47.25 54329281
47.26 54341783
47.27 54353071
47.28 54365744
47.29 54377849
47.30 54390166
47.31 54403219
47.32 54417020
47.33 54428611
47.34 54439768
47.35 54452822
47.36 54464303
47.37 54476564
47.38 54489123
47.39 54499985
47.40 54510154
47.41 54521174
47.42 54533887
47.43 54545451
47.44 54556807
47.45 54569303
47.46 54578154
47.47 54586290
47.48 54594351
47.49 54602230
47.50 54610023
47.51 54617713
47.52 54625816
47.53 54633726
47.54 54641671
47.55 54649641
47.56 54657431
47.57 54665057
47.58 54672901
47.59 54681573
47.60 54689161
47.61 54696947
47.62 54704504
47.63 54712294
47.64 54719920
47.65 54728488
47.66 54736753
47.67 54744665
47.68 54752347
47.69 54760593
47.70 54768707
47.71 54776510
47.72 54784206
47.73 54792416
47.74 54800422
47.75 54808164
47.76 54815578
47.77 54822379
47.78 54829889
47.79 54837461
47.80 54844854
47.81 54853153
47.82 54860656
47.83 54868747
47.84 54876114
47.85 54883371
47.86 54890912
47.87 54898273
47.88 54905316
47.89 54912482
47.90 54919583
47.91 54926858
47.92 54934108
47.93 54941161
47.94 54947997
47.95 54955075
47.96 54962478
47.97 54969669
47.98 54977042
47.99 54984171
48.00 54991404
48.01 55000078
48.02 55007057
48.03 55014021
48.04 55021319
48.05 55028169
48.06 55035866
48.07 55042926
48.08 55050380
48.09 55057827
48.10 55064692
48.11 55071953
48.12 55079016
48.13 55085978
48.14 55092416
48.15 55099412
48.16 55106336
48.17 55114475
48.18 55125516
48.19 55136853
48.20 55146333
48.21 55156403
48.22 55168416
48.23 55179166
48.24 55187515
48.25 55197390
48.26 55205716
48.27 55217112
48.28 55226027
48.29 55237078
48.30 55248237
48.31 55257423
48.32 55270163
48.33 55282321
48.34 55293784
48.35 55306843
48.36 55318033
48.37 55328598
48.38 55337576
48.39 55343774
48.40 55350057
48.41 55356336
48.42 55362804
48.43 55371300
48.44 55384561
48.45 55397723
48.46 55410171
48.47 55422177
48.48 55434216
48.49 55446943
48.50 55454128
48.51 55460032
48.52 55465776
48.53 55478026
48.54 55485519
48.55 55491433
48.56 55497805
48.57 55503495
48.58 55509223
48.59 55515156
48.60 55520923
48.61 55526750
48.62 55532270
48.63 55538578
48.64 55548000
48.65 55557123
48.66 55567492
48.67 55578298
48.68 55590301
48.69 55600672
48.70 55610297
48.71 55621325
48.72 55633414
48.73 55644751
48.74 55656564
48.75 55668087
48.76 55680743
48.77 55692853
48.78 55705364
48.79 55715380
48.80 55727083
48.81 55739990
48.82 55751263
48.83 55763233
48.84 55774723
48.85 55786282
48.86 55795894
48.87 55805297
48.88 55816095
48.89 55826815
48.90 55837405
48.91 55849004
48.92 55860263
48.93 55870653
48.94 55881142
48.95 55892022
48.96 55902990
48.97 55914069
48.98 55925316
48.99 55937139
49.00 55946066
49.01 55953734
49.02 55963029
49.03 55972118
49.04 55982252
49.05 55992364
49.06 56002720
49.07 56012985
49.08 56024344
49.09 56034181
49.10 56038737
49.11 56041486
49.12 56043807
49.13 56046094
49.14 56048415
49.15 56050461
49.16 56052277
49.17 56058085
49.18 56066942
49.19 56076038
49.20 56082717
49.21 56091933
49.22 56100538
49.23 56108738
49.24 56119517
49.25 56127922
49.26 56136109
49.27 56146072
49.28 56154217
49.29 56163881
49.30 56174716
49.31 56184178
49.32 56190296
49.33 56201565
49.34 56210389
49.35 56217662
49.36 56226807
49.37 56233183
49.38 56237427
49.39 56241030
49.40 56249050
49.41 56254413
49.42 56260883
49.43 56266947
49.44 56275741
49.45 56283504
49.46 56293837
49.47 56304357
49.48 56311826
49.49 56318951
49.50 56325388
49.51 56334840
49.52 56340768
49.53 56351696
49.54 56361281
49.55 56371353
49.56 56380465
49.57 56390706
49.58 56401864
49.59 56412051
49.60 56423345
49.61 56434674
49.62 56443565
49.63 56453989
49.64 56463959
49.65 56471773
49.66 56480910
49.67 56489273
49.68 56498596
49.69 56508892
49.70 56518015
49.71 56527398
49.72 56537824
49.73 56548600
49.74 56560306
49.75 56571371
49.76 56582716
49.77 56595620
49.78 56606224
49.79 56615999
49.80 56626990
49.81 56637215
49.82 56646872
49.83 56657048
49.84 56668121
49.85 56678524
49.86 56688477
49.87 56698302
49.88 56705141
49.89 56715218
49.90 56725949
49.91 56736661
49.92 56746877
49.93 56754915
49.94 56766410
49.95 56776973
49.96 56787545
49.97 56797934
49.98 56809681
49.99 56821008
50.00 56832135
50.01 56843192
50.02 56854873
50.03 56866522
50.04 56878216
50.05 56888742
50.06 56900089
50.07 56909914
50.08 56921387
50.09 56933745
50.10 56946363
50.11 56956186
50.12 56965231
50.13 56974795
50.14 56983190
50.15 56988563
50.16 56997674
50.17 57007530
50.18 57018037
50.19 57029118
50.20 57039799
50.21 57050022
50.22 57060904
50.23 57071910
50.24 57084081
50.25 57094758
50.26 57103706
50.27 57115213
50.28 57127308
50.29 57139227
50.30 57150980
50.31 57163681
50.32 57175633
50.33 57187921
50.34 57199742
50.35 57211402
50.36 57220967
50.37 57231200
50.38 57244034
50.39 57256362
50.40 57269203
50.41 57281358
50.42 57284973
50.43 57293664
50.44 57305671
50.45 57315142
50.46 57327417
50.47 57339165
50.48 57350720
50.49 57363010
50.50 57376036
50.51 57387499
50.52 57399426
50.53 57411577
50.54 57422911
50.55 57435530
50.56 57447905
50.57 57459618
50.58 57471593
50.59 57483760
50.60 57495793
50.61 57507653
50.62 57519270
50.63 57529701
50.64 57540961
50.65 57553211
50.66 57566023
50.67 57578165
50.68 57590290
50.69 57602696
50.70 57614003
50.71 57624483
50.72 57636524
50.73 57647892
50.74 57659648
50.75 57670967
50.76 57681502
50.77 57691319
50.78 57701645
50.79 57713302
50.80 57725461
50.81 57737018
50.82 57743992
50.83 57753241
50.84 57765533
50.85 57777465
50.86 57790376
50.87 57802411
50.88 57814948
50.89 57827156
50.90 57836863
50.91 57848512
50.92 57859544
50.93 57872007
50.94 57882895
50.95 57895616
50.96 57907447
50.97 57919320
50.98 57931008
50.99 57942798
51.00 57954067
51.01 57966645
51.02 57979595
51.03 57992440
51.04 58004630
51.05 58015869
51.06 58027481
51.07 58038175
51.08 58049992
51.09 58062045
51.10 58073108
51.11 58084210
51.12 58095260
51.13 58106405
51.14 58118136
51.15 58130100
51.16 58142243
51.17 58154309
51.18 58166768
51.19 58178396
51.20 58189907
51.21 58202145
51.22 58213233
51.23 58225288
51.24 58238271
51.25 58250791
51.26 58262860
51.27 58273034
51.28 58284055
51.29 58295226
51.30 58307409
51.31 58320052
51.32 58332344
51.33 58344868
51.34 58357069
51.35 58369731
51.36 58380891
51.37 58393093
51.38 58405399
51.39 58416728
51.40 58429166
51.41 58441871
51.42 58453826
51.43 58465545
51.44 58476897
51.45 58489828
51.46 58501434
51.47 58514020
51.48 58526903
51.49 58538428
51.50 58549830
51.51 58560771
51.52 58570922
51.53 58584132
51.54 58596158
51.55 58606875
51.56 58619438
51.57 58631479
51.58 58644051
51.59 58657008
51.60 58670031
51.61 58682749
51.62 58695145
51.63 58708813
51.64 58720585
51.65 58733064
51.66 58745466
51.67 58757439
51.68 58769616
51.69 58782669
51.70 58794774
51.71 58808180
51.72 58821749
51.73 58834635
51.74 58845946
51.75 58857205
51.76 58866998
51.77 58879553
51.78 58892110
51.79 58902987
51.80 58913825
51.81 58923847
51.82 58936253
51.83 58947732
51.84 58961172
51.85 58972909
51.86 58984777
51.87 58997932
51.88 59010422
51.89 59022591
51.90 59034971
51.91 59045865
51.92 59058673
51.93 59070848
51.94 59083167
51.95 59095312
51.96 59107097
51.97 59114169
51.98 59122247
51.99 59134613
52.00 59146760
52.01 59160467
52.02 59173556
52.03 59185864
52.04 59198233
52.05 59210756
52.06 59223269
52.07 59235264
52.08 59247537
52.09 59260674
52.10 59273279
52.11 59285862
52.12 59297828
52.13 59309569
52.14 59321160
52.15 59333622
52.16 59345189
52.17 59357236
52.18 59369664
52.19 59381759
52.20 59394111
52.21 59405992
52.22 59418884
52.23 59430066
52.24 59442339
52.25 59454792
52.26 59465822
52.27 59477281
52.28 59488829
52.29 59500385
52.30 59512122
52.31 59524466
52.32 59537626
52.33 59547974
52.34 59560182
52.35 59571203
52.36 59583408
52.37 59595128
52.38 59607739
52.39 59620106
52.40 59631642
52.41 59642076
52.42 59652969
52.43 59663364
52.44 59673224
52.45 59681701
52.46 59691766
52.47 59703326
52.48 59715517
52.49 59726424
52.50 59737420
52.51 59749643
52.52 59761159
52.53 59774168
52.54 59787431
52.55 59799873
52.56 59812086
52.57 59823414
52.58 59835777
52.59 59847019
52.60 59858574
52.61 59869420
52.62 59882298
52.63 59894541
52.64 59905522
52.65 59916585
52.66 59928728
52.67 59941013
52.68 59952790
52.69 59964293
52.70 59977990
52.71 59989163
52.72 60000521
52.73 60011904
52.74 60022546
52.75 60034076
52.76 60046516
52.77 60058994
52.78 60070584
52.79 60082878
52.80 60094870
52.81 60106744
52.82 60117456
52.83 60129501
52.84 60140926
52.85 60152265
52.86 60164639
52.87 60174554
52.88 60186575
52.89 60198629
52.90 60210023
52.91 60222089
52.92 60232965
52.93 60245970
52.94 60258341
52.95 60268348
52.96 60278343
52.97 60289692
52.98 60300223
52.99 60311195
53.00 60318662
53.01 60327070
53.02 60337778
53.03 60347769
53.04 60356485
53.05 60364430
53.06 60373799
53.07 60384055
53.08 60394458
53.09 60403933
53.10 60413720
53.11 60423835
53.12 60431715
53.13 60440917
53.14 60448146
53.15 60457667
53.16 60466185
53.17 60473495
53.18 60483243
53.19 60493055
53.20 60504077
53.21 60515325
53.22 60525295
53.23 60534582
53.24 60546263
53.25 60557726
53.26 60565097
53.27 60568207
53.28 60573154
53.29 60580911
53.30 60589377
53.31 60597570
53.32 60606562
53.33 60615539
53.34 60625054
53.35 60634253
53.36 60643681
53.37 60653860
53.38 60663987
53.39 60674748
53.40 60686485
53.41 60697794
53.42 60708416
53.43 60719200
53.44 60731123
53.45 60742964
53.46 60753750
53.47 60765856
53.48 60777508
53.49 60789458
53.50 60801349
53.51 60812646
53.52 60821942
53.53 60833801
53.54 60846043
53.55 60858275
53.56 60870779
53.57 60881929
53.58 60891676
53.59 60903779
53.60 60914769
53.61 60926858
53.62 60938783
53.63 60949982
53.64 60961361
53.65 60973013
53.66 60982773
53.67 60987167
53.68 60995819
53.69 61003632
53.70 61009825
53.71 61016564
53.72 61025659
53.73 61032699
53.74 61041714
53.75 61052035
53.76 61061057
53.77 61071761
53.78 61080088
53.79 61089713
53.80 61098921
53.81 61107860
53.82 61116795
53.83 61126782
53.84 61135753
53.85 61145666
53.86 61156859
53.87 61166450
53.88 61171991
53.89 61179946
53.90 61184906
53.91 61192548
53.92 61198414
53.93 61206690
53.94 61219657
53.95 61227603
53.96 61238271
53.97 61248478
53.98 61260170
53.99 61269606
54.00 61281714
54.01 61294118
54.02 61306852
54.03 61316957
54.04 61328870
54.05 61341564
54.06 61353153
54.07 61364724
54.08 61375040
54.09 61386266
54.10 61397257
54.11 61406588
54.12 61415338
54.13 61426246
54.14 61437273
54.15 61448528
54.16 61455581
54.17 61465955
54.18 61475893
54.19 61486777
54.20 61496843
54.21 61508900
54.22 61519087
54.23 61529448
54.24 61540417
54.25 61550512
54.26 61562017
54.27 61567559
54.28 61575392
54.29 61582954
54.30 61588878
54.31 61597399
54.32 61606922
54.33 61617418
54.34 61627309
54.35 61637007
54.36 61645522
54.37 61654964
54.38 61663749
54.39 61671874
54.40 61681213
54.41 61689697
54.42 61697242
54.43 61705893
54.44 61715821
54.45 61725720
54.46 61734376
54.47 61742974
54.48 61750771
54.49 61758767
54.50 61767815
54.51 61778699
54.52 61791243
54.53 61803928
54.54 61817417
54.55 61829916
54.56 61839702
54.57 61850937
54.58 61864220
54.59 61875971
54.60 61886567
54.61 61896392
54.62 61907521
54.63 61920143
54.64 61930841
54.65 61942464
54.66 61953778
54.67 61965118
54.68 61976561
54.69 61985018
54.70 61994653
54.71 62005141
54.72 62015611
54.73 62025897
54.74 62037010
54.75 62047473
54.76 62057688
54.77 62067696
54.78 62078061
54.79 62089221
54.80 62100144
54.81 62113189
54.82 62125155
54.83 62135910
54.84 62147791
54.85 62160961
54.86 62172822
54.87 62184496
54.88 62196188
54.89 62209975
54.90 62223658
54.91 62236113
54.92 62246961
54.93 62257238
54.94 62269590
54.95 62282657
54.96 62293487
54.97 62304949
54.98 62316591
54.99 62328104
55.00 62339408
55.01 62350404
55.02 62361251
55.03 62372145
55.04 62382589
55.05 62394272
55.06 62406644
55.07 62417252
55.08 62427494
55.09 62436572
55.10 62445017
55.11 62451472
55.12 62459679
55.13 62466788
55.14 62476811
55.15 62486771
55.16 62497843
55.17 62508045
55.18 62518658
55.19 62529416
55.20 62541620
55.21 62551824
55.22 62560422
55.23 62571268
55.24 62579221
55.25 62588971
55.26 62601007
55.27 62612842
55.28 62624667
55.29 62635905
55.30 62647582
55.31 62659190
55.32 62671631
55.33 62683788
55.34 62692141
55.35 62703868
55.36 62714401
55.37 62725594
55.38 62736952
55.39 62746966
55.40 62759074
55.41 62771448
55.42 62782301
55.43 62791583
55.44 62803733
55.45 62813438
55.46 62824896
55.47 62835330
55.48 62845085
55.49 62852797
55.50 62863039
55.51 62874314
55.52 62885069
55.53 62896680
55.54 62907801
55.55 62918910
55.56 62930284
55.57 62941630
55.58 62952285
55.59 62964388
55.60 62974833
55.61 62986373
55.62 62997585
55.63 63009485
55.64 63019827
55.65 63032151
55.66 63044111
55.67 63055240
55.68 63066763
55.69 63078082
55.70 63089633
55.71 63101106
55.72 63110994
55.73 63122192
55.74 63133710
55.75 63144933
55.76 63156141
55.77 63165317
55.78 63175893
55.79 63185500
55.80 63197162
55.81 63206101
55.82 63215501
55.83 63224352
55.84 63231428
55.85 63238449
55.86 63245897
55.87 63255531
55.88 63265502
55.89 63275469
55.90 63287690
55.91 63296699
55.92 63304083
55.93 63313290
55.94 63324069
55.95 63334450
55.96 63345691
55.97 63356262
55.98 63367473
55.99 63377911
56.00 63388280
56.01 63398491
56.02 63409759
56.03 63422528
56.04 63433334
56.05 63442984
56.06 63453645
56.07 63463745
56.08 63475495
56.09 63487505
56.10 63499167
56.11 63511002
56.12 63522915
56.13 63534589
56.14 63546669
56.15 63558849
56.16 63571086
56.17 63581525
56.18 63593419
56.19 63604211
56.20 63614425
56.21 63625374
56.22 63635420
56.23 63645170
56.24 63650153
56.25 63660848
56.26 63671576
56.27 63679289
56.28 63686810
56.29 63694613
56.30 63702822
56.31 63711777
56.32 63720920
56.33 63731067
56.34 63740646
56.35 63749365
56.36 63758071
56.37 63767033
56.38 63775319
56.39 63783879
56.40 63794266
56.41 63803430
56.42 63813037
56.43 63823591
56.44 63834281
56.45 63844319
56.46 63855197
56.47 63865881
56.48 63876475
56.49 63886987
56.50 63896246
56.51 63907105
56.52 63918366
56.53 63931589
56.54 63944034
56.55 63953798
56.56 63962963
56.57 63974221
56.58 63983563
56.59 63993625
56.60 64003176
56.61 64014738
56.62 64025025
56.63 64036350
56.64 64046997
56.65 64052254
56.66 64059247
56.67 64068028
56.68 64079116
56.69 64088305
56.70 64098328
56.71 64107864
56.72 64117578
56.73 64127154
56.74 64136602
56.75 64149350
56.76 64159133
56.77 64168974
56.78 64176591
56.79 64187397
56.80 64197692
56.81 64206557
56.82 64216619
56.83 64226354
56.84 64235872
56.85 64244976
56.86 64255997
56.87 64266169
56.88 64274848
56.89 64285070
56.90 64295687
56.91 64306128
56.92 64316702
56.93 64329122
56.94 64339790
56.95 64349619
56.96 64360845
56.97 64372053
56.98 64381948
56.99 64392353
57.00 64402293
57.01 64413607
57.02 64424499
57.03 64433923
57.04 64443591
57.05 64453472
57.06 64463331
57.07 64474774
57.08 64487234
57.09 64497796
57.10 64509190
57.11 64519459
57.12 64531580
57.13 64543339
57.14 64553720
57.15 64565140
57.16 64575154
57.17 64586113
57.18 64596804
57.19 64605907
57.20 64615446
57.21 64625770
57.22 64638250
57.23 64649371
57.24 64659386
57.25 64670972
57.26 64682918
57.27 64695924
57.28 64708360
57.29 64721620
57.30 64733080
57.31 64744738
57.32 64756195
57.33 64767661
57.34 64779533
57.35 64789231
57.36 64800226
57.37 64811104
57.38 64821279
57.39 64832325
57.40 64844070
57.41 64854970
57.42 64862458
57.43 64874173
57.44 64885715
57.45 64896862
57.46 64907538
57.47 64919553
57.48 64930224
57.49 64941264
57.50 64953145
57.51 64964769
57.52 64977540
57.53 64988351
57.54 64999015
57.55 65011434
57.56 65023522
57.57 65034370
57.58 65043458
57.59 65055703
57.60 65067279
57.61 65078755
57.62 65088277
57.63 65098429
57.64 65110023
57.65 65121434
57.66 65133358
57.67 65144229
57.68 65152468
57.69 65161484
57.70 65170752
57.71 65178630
57.72 65187815
57.73 65196404
57.74 65205685
57.75 65214385
57.76 65224744
57.77 65233281
57.78 65242087
57.79 65252002
57.80 65257533
57.81 65267647
57.82 65277200
57.83 65287797
57.84 65296294
57.85 65303173
57.86 65311181
57.87 65320606
57.88 65328606
57.89 65337292
57.90 65346351
57.91 65354410
57.92 65362846
57.93 65369658
57.94 65378963
57.95 65387673
57.96 65396633
57.97 65404154
57.98 65413239
57.99 65422935
58.00 65433458
58.01 65442641
58.02 65452841
58.03 65464594
58.04 65474795
58.05 65484634
58.06 65494256
58.07 65503801
58.08 65512140
58.09 65520229
58.10 65529720
58.11 65539625
58.12 65547839
58.13 65556635
58.14 65567535
58.15 65576980
58.16 65585210
58.17 65588942
58.18 65592579
58.19 65600323
58.20 65609403
58.21 65618525
58.22 65626719
58.23 65631491
58.24 65640702
58.25 65651798
58.26 65662912
58.27 65673023
58.28 65685080
58.29 65696307
58.30 65707285
58.31 65719387
58.32 65726370
58.33 65736852
58.34 65745969
58.35 65757231
58.36 65769177
58.37 65781684
58.38 65794529
58.39 65807669
58.40 65817714
58.41 65830599
58.42 65843453
58.43 65856914
58.44 65870648
58.45 65883140
58.46 65895076
58.47 65906645
58.48 65919416
58.49 65929318
58.50 65940337
58.51 65949898
58.52 65962244
58.53 65975488
58.54 65986664
58.55 65997394
58.56 66008620
58.57 66018559
58.58 66027446
58.59 66036282
58.60 66046537
58.61 66058216
58.62 66065501
58.63 66074358
58.64 66085653
58.65 66096416
58.66 66107478
58.67 66116602
58.68 66128439
58.69 66138919
58.70 66149558
58.71 66161932
58.72 66172522
58.73 66179706
58.74 66186858
58.75 66193734
58.76 66202573
58.77 66213452
58.78 66222717
58.79 66233592
58.80 66244315
58.81 66254199
58.82 66261283
58.83 66266762
58.84 66272588
58.85 66277124
58.86 66283550
58.87 66289122
58.88 66296243
58.89 66304126
58.90 66314667
58.91 66323457
58.92 66334947
58.93 66343911
58.94 66353573
58.95 66364288
58.96 66374305
58.97 66385162
58.98 66396456
58.99 66407364
59.00 66418643
59.01 66429282
59.02 66440129
59.03 66450307
59.04 66462104
59.05 66474729
59.06 66485819
59.07 66497158
59.08 66508283
59.09 66519203
59.10 66529579
59.11 66537656
59.12 66543921
59.13 66548269
59.14 66554717
59.15 66562033
59.16 66571405
59.17 66583959
59.18 66596192
59.19 66607470
59.20 66618533
59.21 66630227
59.22 66642345
59.23 66653729
59.24 66663121
59.25 66673272
59.26 66685056
59.27 66696436
59.28 66707350
59.29 66719965
59.30 66731665
59.31 66743061
59.32 66755129
59.33 66766642
59.34 66778535
59.35 66789605
59.36 66800544
59.37 66812634
59.38 66823422
59.39 66833437
59.40 66843740
59.41 66854903
59.42 66864329
59.43 66874504
59.44 66885473
59.45 66896538
59.46 66907761
59.47 66917926
59.48 66927295
59.49 66936880
59.50 66945915
59.51 66954939
59.52 66964439
59.53 66973578
59.54 66982583
59.55 66990836
59.56 67000814
59.57 67011213
59.58 67021704
59.59 67032412
59.60 67042816
59.61 67053714
59.62 67064836
59.63 67076197
59.64 67087459
59.65 67098645
59.66 67110812
59.67 67122547
59.68 67135509
59.69 67146744
59.70 67157573
59.71 67169301
59.72 67180342
59.73 67190631
59.74 67202085
59.75 67213826
59.76 67224767
59.77 67235074
59.78 67246997
59.79 67259949
59.80 67272065
59.81 67283124
59.82 67294423
59.83 67304209
59.84 67315997
59.85 67325144
59.86 67337464
59.87 67347744
59.88 67358808
59.89 67368505
59.90 67378387
59.91 67389106
59.92 67398799
59.93 67407246
59.94 67414170
59.95 67421158
59.96 67427731
59.97 67437972
59.98 67450492
59.99 67462664
60.00 67474244
60.01 67484959
60.02 67495777
60.03 67507189
60.04 67518634
60.05 67530652
60.06 67543316
60.07 67553999
60.08 67565418
60.09 67578694
60.10 67590712
60.11 67601908
60.12 67614132
60.13 67625252
60.14 67636106
60.15 67648329
60.16 67661345
60.17 67674043
60.18 67684916
60.19 67696240
60.20 67704146
60.21 67712822
60.22 67725649
60.23 67738015
60.24 67748723
60.25 67760005
60.26 67771055
60.27 67782719
60.28 67794984
60.29 67806663
60.30 67818743
60.31 67831066
60.32 67844022
60.33 67856417
60.34 67868150
60.35 67879617
60.36 67891097
60.37 67902891
60.38 67914598
60.39 67925765
60.40 67936353
60.41 67946421
60.42 67956277
60.43 67967051
60.44 67979479
60.45 67992750
60.46 68005315
60.47 68017411
60.48 68029335
60.49 68040857
60.50 68052017
60.51 68063892
60.52 68075555
60.53 68087540
60.54 68098691
60.55 68110462
60.56 68121155
60.57 68131559
60.58 68142073
60.59 68152772
60.60 68164812
60.61 68176607
60.62 68188469
60.63 68200366
60.64 68212178
60.65 68222938
60.66 68232426
60.67 68242388
60.68 68253060
60.69 68264220
60.70 68275743
60.71 68286568
60.72 68296862
60.73 68308163
60.74 68320048
60.75 68331056
60.76 68343003
60.77 68353417
60.78 68363043
60.79 68376083
60.80 68384804
60.81 68396363
60.82 68406762
60.83 68418361
60.84 68430496
60.85 68441657
60.86 68452671
60.87 68464796
60.88 68476780
60.89 68488765
60.90 68501290
60.91 68512234
60.92 68521045
60.93 68533862
60.94 68545453
60.95 68558170
60.96 68570393
60.97 68582402
60.98 68593799
60.99 68604887
61.00 68615601
61.01 68626744
61.02 68638126
61.03 68650354
61.04 68661248
61.05 68673250
61.06 68686302
61.07 68697069
61.08 68709132
61.09 68721789
61.10 68734227
61.11 68745291
61.12 68755806
61.13 68766432
61.14 68778353
61.15 68788801
61.16 68799983
61.17 68810936
61.18 68821017
61.19 68829907
61.20 68842002
61.21 68853421
61.22 68865661
61.23 68877833
61.24 68889044
61.25 68899950
61.26 68911191
61.27 68920126
61.28 68931700
61.29 68943511
61.30 68955312
61.31 68967474
61.32 68978973
61.33 68989999
61.34 69001298
61.35 69013056
61.36 69024139
61.37 69035113
61.38 69045545
61.39 69056974
61.40 69069411
61.41 69080964
61.42 69092350
61.43 69102238
61.44 69112669
61.45 69124133
61.46 69135623
61.47 69146268
61.48 69157550
61.49 69168545
61.50 69178776
61.51 69189242
61.52 69199329
61.53 69209687
61.54 69221855
61.55 69234772
61.56 69246205
61.57 69256599
61.58 69268889
61.59 69281315
61.60 69294026
61.61 69305262
61.62 69317606
61.63 69329154
61.64 69341511
61.65 69353617
61.66 69366064
61.67 69379177
61.68 69392437
61.69 69405341
61.70 69416728
61.71 69427878
61.72 69438342
61.73 69448932
61.74 69460028
61.75 69470929
61.76 69483380
61.77 69494166
61.78 69505437
61.79 69514569
61.80 69524304
61.81 69535820
61.82 69547881
61.83 69559500
61.84 69570551
61.85 69581636
61.86 69592080
61.87 69603163
61.88 69614467
61.89 69622463
61.90 69631176
61.91 69640297
61.92 69648388
61.93 69657396
61.94 69665740
61.95 69672591
61.96 69679202
61.97 69685921
61.98 69691768
61.99 69698049
62.00 69702471
62.01 69709308
62.02 69716481
62.03 69725641
62.04 69731557
62.05 69742823
62.06 69754394
62.07 69765100
62.08 69775436
62.09 69785362
62.10 69796223
62.11 69807830
62.12 69818107
62.13 69829609
62.14 69840059
62.15 69850728
62.16 69860918
62.17 69871112
62.18 69881800
62.19 69892768
62.20 69902951
62.21 69914117
62.22 69925430
62.23 69936852
62.24 69947847
62.25 69960415
62.26 69970864
62.27 69981688
62.28 69992886
62.29 70004897
62.30 70016052
62.31 70027833
62.32 70040362
62.33 70053181
62.34 70065340
62.35 70075574
62.36 70085491
62.37 70096747
62.38 70107142
62.39 70119061
62.40 70130430
62.41 70141355
62.42 70153510
62.43 70164958
62.44 70176520
62.45 70187307
62.46 70198531
62.47 70209218
62.48 70219503
62.49 70229275
62.50 70239167
62.51 70249156
62.52 70260320
62.53 70268683
62.54 70278309
62.55 70289680
62.56 70300001
62.57 70308828
62.58 70319554
62.59 70329190
62.60 70337840
62.61 70348095
62.62 70357819
62.63 70368793
62.64 70380822
62.65 70389872
62.66 70401051
62.67 70411650
62.68 70422424
62.69 70432450
62.70 70441676
62.71 70451192
62.72 70461684
62.73 70473654
62.74 70483937
62.75 70493148
62.76 70504076
62.77 70511108
62.78 70521441
62.79 70531685
62.80 70544638
62.81 70555541
62.82 70567920
62.83 70579766
62.84 70589199
62.85 70601143
62.86 70613254
62.87 70623002
62.88 70634593
62.89 70643497
62.90 70654210
62.91 70663627
62.92 70672814
62.93 70682961
62.94 70693330
62.95 70705317
62.96 70717151
62.97 70729127
62.98 70740296
62.99 70751272
63.00 70762094
63.01 70773419
63.02 70783496
63.03 70793826
63.04 70804208
63.05 70814334
63.06 70824584
63.07 70835182
63.08 70846500
63.09 70855665
63.10 70864777
63.11 70874823
63.12 70883943
63.13 70892857
63.14 70902671
63.15 70910788
63.16 70920919
63.17 70930163
63.18 70939860
63.19 70949412
63.20 70958641
63.21 70969433
63.22 70980103
63.23 70990461
63.24 70999825
63.25 71010218
63.26 71019912
63.27 71029920
63.28 71040067
63.29 71051799
63.30 71063031
63.31 71074493
63.32 71084923
63.33 71096450
63.34 71107955
63.35 71118166
63.36 71128804
63.37 71139553
63.38 71150370
63.39 71161507
63.40 71174707
63.41 71186564
63.42 71198207
63.43 71209782
63.44 71221848
63.45 71233305
63.46 71244449
63.47 71256134
63.48 71263950
63.49 71275655
63.50 71285700
63.51 71295735
63.52 71305207
63.53 71314426
63.54 71322227
63.55 71330137
63.56 71336935
63.57 71346689
63.58 71357741
63.59 71369474
63.60 71381806
63.61 71393044
63.62 71405153
63.63 71416326
63.64 71426922
63.65 71436918
63.66 71447763
63.67 71458385
63.68 71469762
63.69 71479925
63.70 71490367
63.71 71500049
63.72 71512477
63.73 71513640
63.74 71523574
63.75 71534530
63.76 71545470
63.77 71556502
63.78 71566411
63.79 71575536
63.80 71583030
63.81 71591936
63.82 71602548
63.83 71613793
63.84 71622015
63.85 71628573
63.86 71636884
63.87 71642774
63.88 71651299
63.89 71661919
63.90 71674244
63.91 71685780
63.92 71697288
63.93 71709167
63.94 71720736
63.95 71732466
63.96 71743368
63.97 71755832
63.98 71766097
63.99 71776391
64.00 71787142
64.01 71796804
64.02 71808133
64.03 71820206
64.04 71831360
64.05 71841838
64.06 71853343
64.07 71865689
64.08 71877857
64.09 71889786
64.10 71902672
64.11 71914062
64.12 71925142
64.13 71935213
64.14 71946986
64.15 71959637
64.16 71971542
64.17 71983568
64.18 71996130
64.19 72008263
64.20 72019804
64.21 72031222
64.22 72043601
64.23 72054245
64.24 72066150
64.25 72076862
64.26 72088712
64.27 72101377
64.28 72113134
64.29 72123684
64.30 72134408
64.31 72144759
64.32 72155294
64.33 72166443
64.34 72178852
64.35 72189975
64.36 72201197
64.37 72212565
64.38 72225124
64.39 72238049
64.40 72251556
64.41 72261784
64.42 72269212
64.43 72279843
64.44 72291627
64.45 72303739
64.46 72316729
64.47 72329879
64.48 72340906
64.49 72352207
64.50 72361453
64.51 72371051
64.52 72379784
64.53 72389503
64.54 72398877
64.55 72409930
64.56 72420691
64.57 72429849
64.58 72439613
64.59 72444872
64.60 72455715
64.61 72462859
64.62 72471837
64.63 72481510
64.64 72491102
64.65 72498843
64.66 72506243
64.67 72513309
64.68 72524021
64.69 72530254
64.70 72533270
64.71 72536366
64.72 72540418
64.73 72544806
64.74 72553359
64.75 72562796
64.76 72573991
64.77 72585086
64.78 72595733
64.79 72606580
64.80 72617400
64.81 72625947
64.82 72635525
64.83 72646956
64.84 72658736
64.85 72667798
64.86 72672693
64.87 72676922
64.88 72681686
64.89 72686152
64.90 72690561
64.91 72695106
64.92 72702769
64.93 72711082
64.94 72715788
64.95 72721982
64.96 72730884
64.97 72741477
64.98 72750822
64.99 72762354
65.00 72773719
65.01 72784753
65.02 72795104
65.03 72806631
65.04 72818168
65.05 72829654
65.06 72839933
65.07 72852122
65.08 72863719
65.09 72875810
65.10 72888124
65.11 72900689
65.12 72912532
65.13 72923462
65.14 72933410
65.15 72944148
65.16 72955608
65.17 72966263
65.18 72977198
65.19 72987799
65.20 72999079
65.21 73010875
65.22 73020903
65.23 73032489
65.24 73042894
65.25 73052116
65.26 73062847
65.27 73073955
65.28 73085939
65.29 73097477
65.30 73108986
65.31 73120764
65.32 73133076
65.33 73144077
65.34 73155083
65.35 73166580
65.36 73178055
65.37 73189124
65.38 73200059
65.39 73210637
65.40 73221736
65.41 73233246
65.42 73244049
65.43 73255762
65.44 73265888
65.45 73275785
65.46 73285110
65.47 73295658
65.48 73307520
65.49 73317978
65.50 73326507
65.51 73336767
65.52 73347750
65.53 73359111
65.54 73370533
65.55 73379340
65.56 73386664
65.57 73393734
65.58 73401687
65.59 73411402
65.60 73421822
65.61 73430974
65.62 73439455
65.63 73448902
65.64 73457817
65.65 73466561
65.66 73475928
65.67 73484471
65.68 73491795
65.69 73501726
65.70 73510913
65.71 73520886
65.72 73532332
65.73 73538130
65.74 73544827
65.75 73554860
65.76 73565884
65.77 73576548
65.78 73587002
65.79 73597030
65.80 73607831
65.81 73618827
65.82 73630459
65.83 73640703
65.84 73647822
65.85 73657603
65.86 73668011
65.87 73676869
65.88 73686819
65.89 73697673
65.90 73704160
65.91 73713558
65.92 73721012
65.93 73730690
65.94 73741191
65.95 73751021
65.96 73761339
65.97 73771998
65.98 73781819
65.99 73792666
66.00 73803464
66.01 73814249
66.02 73823049
66.03 73832868
66.04 73842432
66.05 73851746
66.06 73861920
66.07 73872232
66.08 73883248
66.09 73892473
66.10 73900787
66.11 73910524
66.12 73919979
66.13 73925672
66.14 73933142
66.15 73939639
66.16 73944620
66.17 73949160
66.18 73953932
66.19 73958903
66.20 73963695
66.21 73968520
66.22 73973384
66.23 73978658
66.24 73983689
66.25 73989017
66.26 73994089
66.27 73999460
66.28 74004807
66.29 74009898
66.30 74018075
66.31 74027183
66.32 74036040
66.33 74046867
66.34 74056556
66.35 74067911
66.36 74079337
66.37 74088424
66.38 74099973
66.39 74111677
66.40 74122718
66.41 74134706
66.42 74145309
66.43 74157105
66.44 74168930
66.45 74175603
66.46 74186184
66.47 74196688
66.48 74208159
66.49 74218799
66.50 74230017
66.51 74241990
66.52 74255000
66.53 74267430
66.54 74280652
66.55 74291809
66.56 74295394
66.57 74301465
66.58 74312863
66.59 74324672
66.60 74336658
66.61 74347722
66.62 74358537
66.63 74369467
66.64 74380908
66.65 74392827
66.66 74403030
66.67 74413726
66.68 74426253
66.69 74438856
66.70 74449707
66.71 74461484
66.72 74473055
66.73 74484866
66.74 74496178
66.75 74505319
66.76 74514013
66.77 74523168
66.78 74533491
66.79 74545273
66.80 74556652
66.81 74567386
66.82 74577176
66.83 74587953
66.84 74597978
66.85 74607766
66.86 74616984
66.87 74625589
66.88 74634275
66.89 74642546
66.90 74651546
66.91 74660831
66.92 74671789
66.93 74681285
66.94 74690810
66.95 74700866
66.96 74709437
66.97 74717924
66.98 74728242
66.99 74739247
67.00 74750855
67.01 74760291
67.02 74769272
67.03 74779359
67.04 74789649
67.05 74799341
67.06 74808947
67.07 74820386
67.08 74830808
67.09 74841285
67.10 74851695
67.11 74861524
67.12 74866139
67.13 74873339
67.14 74880573
67.15 74890577
67.16 74900975
67.17 74911617
67.18 74921371
67.19 74930972
67.20 74938408
67.21 74946486
67.22 74956404
67.23 74967399
67.24 74976399
67.25 74987950
67.26 74998856
67.27 75009600
67.28 75020217
67.29 75030644
67.30 75040837
67.31 75050622
67.32 75060056
67.33 75070410
67.34 75080147
67.35 75091128
67.36 75101523
67.37 75112285
67.38 75122586
67.39 75132490
67.40 75143030
67.41 75153450
67.42 75164551
67.43 75175855
67.44 75186365
67.45 75197079
67.46 75207961
67.47 75218666
67.48 75226447
67.49 75236119
67.50 75243808
67.51 75252659
67.52 75263675
67.53 75273245
67.54 75281760
67.55 75288682
67.56 75296906
67.57 75307462
67.58 75318284
67.59 75329730
67.60 75339033
67.61 75350207
67.62 75359713
67.63 75369393
67.64 75378715
67.65 75389057
67.66 75398406
67.67 75408808
67.68 75418419
67.69 75428117
67.70 75438794
67.71 75449995
67.72 75459450
67.73 75468788
67.74 75477395
67.75 75486321
67.76 75493458
67.77 75501609
67.78 75510087
67.79 75518990
67.80 75528933
67.81 75536955
67.82 75546072
67.83 75555482
67.84 75565744
67.85 75573020
67.86 75581992
67.87 75590277
67.88 75598644
67.89 75608245
67.90 75616911
67.91 75624648
67.92 75633098
67.93 75639336
67.94 75643660
67.95 75647882
67.96 75652484
67.97 75657620
67.98 75663916
67.99 75672352
68.00 75679550
68.01 75686572
68.02 75695864
68.03 75703055
68.04 75711516
68.05 75718667
68.06 75725614
68.07 75733067
68.08 75743334
68.09 75750563
68.10 75758671
68.11 75769089
68.12 75778490
68.13 75789339
68.14 75798837
68.15 75809398
68.16 75819625
68.17 75826270
68.18 75832978
68.19 75841573
68.20 75850841
68.21 75859021
68.22 75867819
68.23 75876430
68.24 75882787
68.25 75893450
68.26 75904006
68.27 75914668
68.28 75926435
68.29 75938578
68.30 75950553
68.31 75961662
68.32 75973952
68.33 75984284
68.34 75995782
68.35 76007848
68.36 76020215
68.37 76032292
68.38 76043828
68.39 76053398
68.40 76064823
68.41 76076225
68.42 76087698
68.43 76098866
68.44 76110900
68.45 76121801
68.46 76133321
68.47 76144858
68.48 76153836
68.49 76166248
68.50 76177165
68.51 76188371
68.52 76197757
68.53 76206890
68.54 76218497
68.55 76231395
68.56 76243468
68.57 76252605
68.58 76264161
68.59 76274230
68.60 76284030
68.61 76294391
68.62 76305513
68.63 76316398
68.64 76325424
68.65 76330776
68.66 76339957
68.67 76348272
68.68 76356872
68.69 76368206
68.70 76380181
68.71 76392244
68.72 76402761
68.73 76412553
68.74 76424531
68.75 76436480
68.76 76447867
68.77 76458996
68.78 76468810
68.79 76479089
68.80 76490773
68.81 76502450
68.82 76513718
68.83 76524884
68.84 76533596
68.85 76544703
68.86 76555785
68.87 76567513
68.88 76577854
68.89 76587528
68.90 76599113
68.91 76606025
68.92 76613014
68.93 76624592
68.94 76637258
68.95 76649946
68.96 76662025
68.97 76669949
68.98 76681352
68.99 76691823
69.00 76702273
69.01 76713146
69.02 76724010
69.03 76734817
69.04 76746968
69.05 76758453
69.06 76770493
69.07 76780708
69.08 76792481
69.09 76800688
69.10 76811235
69.11 76821895
69.12 76832064
69.13 76843305
69.14 76854424
69.15 76864749
69.16 76874818
69.17 76884621
69.18 76895830
69.19 76907459
69.20 76920540
69.21 76931715
69.22 76942574
69.23 76953653
69.24 76965520
69.25 76974711
69.26 76983806
69.27 76993044
69.28 77002295
69.29 77010021
69.30 77021405
69.31 77031064
69.32 77041620
69.33 77050925
69.34 77062906
69.35 77075675
69.36 77085780
69.37 77097034
69.38 77108448
69.39 77118014
69.40 77122670
69.41 77128425
69.42 77135409
69.43 77146585
69.44 77159230
69.45 77169807
69.46 77178639
69.47 77189045
69.48 77199775
69.49 77211270
69.50 77222872
69.51 77235608
69.52 77246902
69.53 77257661
69.54 77267780
69.55 77278831
69.56 77289188
69.57 77299645
69.58 77310756
69.59 77322198
69.60 77332366
69.61 77343473
69.62 77354148
69.63 77364773
69.64 77375058
69.65 77385695
69.66 77396259
69.67 77406158
69.68 77416028
69.69 77425235
69.70 77435077
69.71 77445628
69.72 77454251
69.73 77463514
69.74 77473978
69.75 77483506
69.76 77492857
69.77 77503614
69.78 77513734
69.79 77522994
69.80 77532838
69.81 77541902
69.82 77551491
69.83 77561718
69.84 77571449
69.85 77581098
69.86 77592325
69.87 77603468
69.88 77614007
69.89 77623621
69.90 77634588
69.91 77644894
69.92 77655703
69.93 77666274
69.94 77672997
69.95 77682000
69.96 77690257
69.97 77698735
69.98 77707559
69.99 77715941
70.00 77724784
70.01 77734538
70.02 77743047
70.03 77752046
70.04 77760313
70.05 77769589
70.06 77779939
70.07 77789696
70.08 77798528
70.09 77808155
70.10 77819505
70.11 77829735
70.12 77840025
70.13 77850246
70.14 77861232
70.15 77872645
70.16 77880467
70.17 77888193
70.18 77897698
70.19 77902981
70.20 77906925
70.21 77913215
70.22 77919358
70.23 77925677
70.24 77934457
70.25 77941709
70.26 77950332
70.27 77956715
70.28 77961167
70.29 77970083
70.30 77979019
70.31 77986308
70.32 77996939
70.33 78006172
70.34 78016387
70.35 78027345
70.36 78037919
70.37 78045909
70.38 78054193
70.39 78064771
70.40 78074603
70.41 78082984
70.42 78093483
70.43 78104050
70.44 78115102
70.45 78123714
70.46 78129941
70.47 78136945
70.48 78145121
70.49 78151790
70.50 78164026
70.51 78174215
70.52 78184857
70.53 78196276
70.54 78209130
70.55 78220103
70.56 78229165
70.57 78241558
70.58 78251718
70.59 78261243
70.60 78270788
70.61 78280021
70.62 78289504
70.63 78298356
70.64 78309525
70.65 78320483
70.66 78331465
70.67 78342215
70.68 78353301
70.69 78363971
70.70 78375015
70.71 78385899
70.72 78396188
70.73 78406928
70.74 78417343
70.75 78428879
70.76 78439043
70.77 78450200
70.78 78460753
70.79 78471741
70.80 78482167
70.81 78491643
70.82 78501488
70.83 78512292
70.84 78522866
70.85 78531556
70.86 78540221
70.87 78550096
70.88 78558671
70.89 78567333
70.90 78577204
70.91 78585859
70.92 78593375
70.93 78603914
70.94 78615687
70.95 78624392
70.96 78630108
70.97 78641478
70.98 78653514
70.99 78665280
71.00 78677639
71.01 78687958
71.02 78699983
71.03 78711545
71.04 78723555
71.05 78735553
71.06 78747929
71.07 78759456
71.08 78770576
71.09 78781551
71.10 78791704
71.11 78802563
71.12 78813107
71.13 78823487
71.14 78834171
71.15 78844895
71.16 78856426
71.17 78867785
71.18 78878667
71.19 78887406
71.20 78896631
71.21 78906726
71.22 78917619
71.23 78928201
71.24 78938214
71.25 78947092
71.26 78957360
71.27 78968230
71.28 78979352
71.29 78990262
71.30 79001637
71.31 79012383
71.32 79023197
71.33 79033970
71.34 79044736
71.35 79055684
71.36 79067013
71.37 79078173
71.38 79089434
71.39 79100544
71.40 79111404
71.41 79121491
71.42 79132584
71.43 79143227
71.44 79153545
71.45 79163255
71.46 79173484
71.47 79182481
71.48 79190507
71.49 79197149
71.50 79204728
71.51 79212960
71.52 79217688
71.53 79221505
71.54 79225462
71.55 79229257
71.56 79234911
71.57 79242213
71.58 79250761
71.59 79260562
71.60 79269734
71.61 79277112
71.62 79286099
71.63 79293042
71.64 79300267
71.65 79308410
71.66 79316502
71.67 79326632
71.68 79336594
71.69 79343336
71.70 79350594
71.71 79358258
71.72 79365863
71.73 79373272
71.74 79380255
71.75 79388354
71.76 79398047
71.77 79408706
71.78 79418219
71.79 79428378
71.80 79439662
71.81 79448244
71.82 79457302
71.83 79466054
71.84 79474066
71.85 79482283
71.86 79488656
71.87 79494212
71.88 79497723
71.89 79501281
71.90 79510822
71.91 79520991
71.92 79531137
71.93 79541939
71.94 79552997
71.95 79564010
71.96 79572472
71.97 79580863
71.98 79588200
71.99 79594043
72.00 79599382
72.01 79605319
72.02 79611667
72.03 79617301
72.04 79627358
72.05 79638299
72.06 79649071
72.07 79659182
72.08 79663269
72.09 79668158
72.10 79672098
72.11 79675060
72.12 79678435
72.13 79681432
72.14 79690401
72.15 79700644
72.16 79707610
72.17 79717215
72.18 79725606
72.19 79729619
72.20 79734524
72.21 79742304
72.22 79754466
72.23 79765353
72.24 79776475
72.25 79787010
72.26 79795411
72.27 79803590
72.28 79810556
72.29 79821623
72.30 79831613
72.31 79839114
72.32 79850585
72.33 79861354
72.34 79873274
72.35 79885312
72.36 79897527
72.37 79911044
72.38 79924385
72.39 79936571
72.40 79940897
72.41 79947609
72.42 79954207
72.43 79960821
72.44 79968444
72.45 79975981
72.46 79981806
72.47 79993131
72.48 80004329
72.49 80013828
72.50 80026725
72.51 80036410
72.52 80045722
72.53 80055500
72.54 80063040
72.55 80071493
72.56 80078759
72.57 80086574
72.58 80091991
72.59 80095238
72.60 80099765
72.61 80104642
72.62 80109225
72.63 80112498
72.64 80120236
72.65 80126231
72.66 80132184
72.67 80137099
72.68 80142100
72.69 80149793
72.70 80157965
72.71 80168264
72.72 80176836
72.73 80187374
72.74 80198336
72.75 80207984
72.76 80214098
72.77 80219682
72.78 80225841
72.79 80230828
72.80 80236015
72.81 80242230
72.82 80249526
72.83 80255745
72.84 80262651
72.85 80269283
72.86 80276924
72.87 80287308
72.88 80294698
72.89 80302843
72.90 80310785
72.91 80317836
72.92 80325060
72.93 80333312
72.94 80340875
72.95 80347218
72.96 80356571
72.97 80363652
72.98 80370751
72.99 80377584
73.00 80386108
73.01 80396222
73.02 80409433
73.03 80419996
73.04 80433231
73.05 80446303
73.06 80460059
73.07 80472412
73.08 80484994
73.09 80498075
73.10 80511297
73.11 80523821
73.12 80535863
73.13 80548948
73.14 80561028
73.15 80573741
73.16 80585946
73.17 80597777
73.18 80605029
73.19 80612888
73.20 80623105
73.21 80634630
73.22 80646118
73.23 80656644
73.24 80668175
73.25 80677880
73.26 80687677
73.27 80692643
73.28 80702495
73.29 80709774
73.30 80718223
73.31 80726335
73.32 80730967
73.33 80739211
73.34 80743939
73.35 80748998
73.36 80751693
73.37 80756232
73.38 80762494
73.39 80771678
73.40 80780502
73.41 80789855
73.42 80800528
73.43 80809598
73.44 80819169
73.45 80827856
73.46 80839362
73.47 80849015
73.48 80856486
73.49 80865385
73.50 80873841
73.51 80882334
73.52 80890387
73.53 80900273
73.54 80908719
73.55 80917850
73.56 80924224
73.57 80931829
73.58 80940823
73.59 80947876
73.60 80956264
73.61 80964252
73.62 80973563
73.63 80980951
73.64 80990058
73.65 80995610
73.66 81004378
73.67 81013827
73.68 81021553
73.69 81029465
73.70 81039045
73.71 81048501
73.72 81058372
73.73 81067830
73.74 81077385
73.75 81085677
73.76 81094878
73.77 81104133
73.78 81112627
73.79 81121594
73.80 81132303
73.81 81143533
73.82 81154629
73.83 81164033
73.84 81174072
73.85 81184924
73.86 81194441
73.87 81203868
73.88 81211769
73.89 81221031
73.90 81231210
73.91 81241240
73.92 81251470
73.93 81261137
73.94 81270690
73.95 81278087
73.96 81285124
73.97 81293310
73.98 81300729
73.99 81308862
74.00 81315306
74.01 81321668
74.02 81328681
74.03 81335320
74.04 81339934
74.05 81346715
74.06 81353002
74.07 81359049
74.08 81364781
74.09 81370755
74.10 81376498
74.11 81383263
74.12 81392584
74.13 81398520
74.14 81404597
74.15 81412030
74.16 81418633
74.17 81426743
74.18 81434601
74.19 81441452
74.20 81452197
74.21 81462015
74.22 81471447
74.23 81480913
74.24 81490514
74.25 81500941
74.26 81510144
74.27 81519514
74.28 81528459
74.29 81537225
74.30 81547666
74.31 81557594
74.32 81566057
74.33 81575823
74.34 81583549
74.35 81593001
74.36 81602834
74.37 81612695
74.38 81621262
74.39 81629570
74.40 81638296
74.41 81646909
74.42 81655552
74.43 81663398
74.44 81671456
74.45 81679990
74.46 81690748
74.47 81702171
74.48 81712233
74.49 81722828
74.50 81730941
74.51 81741090
74.52 81752571
74.53 81764310
74.54 81776009
74.55 81787200
74.56 81798115
74.57 81809461
74.58 81820197
74.59 81829281
74.60 81840179
74.61 81851072
74.62 81863049
74.63 81874960
74.64 81883804
74.65 81894619
74.66 81906098
74.67 81915828
74.68 81928285
74.69 81938347
74.70 81946923
74.71 81956421
74.72 81964975
74.73 81968526
74.74 81978359
74.75 81987368
74.76 81997467
74.77 82007645
74.78 82018320
74.79 82029076
74.80 82036079
74.81 82042134
74.82 82053997
74.83 82063483
74.84 82073174
74.85 82083116
74.86 82093985
74.87 82104388
74.88 82114987
74.89 82124487
74.90 82134004
74.91 82144106
74.92 82154159
74.93 82165866
74.94 82176214
74.95 82185539
74.96 82195672
74.97 82204625
74.98 82216915
74.99 82227454
75.00 82238060
75.01 82250612
75.02 82261431
75.03 82271459
75.04 82282771
75.05 82292920
75.06 82303331
75.07 82313722
75.08 82324074
75.09 82335615
75.10 82345419
75.11 82355001
75.12 82365271
75.13 82375165
75.14 82385805
75.15 82396146
75.16 82403366
75.17 82411284
75.18 82417825
75.19 82422888
75.20 82431017
75.21 82433869
75.22 82436065
75.23 82441491
75.24 82443635
75.25 82450810
75.26 82454952
75.27 82464316
75.28 82473120
75.29 82483734
75.30 82492398
75.31 82499361
75.32 82509297
75.33 82518953
75.34 82526823
75.35 82536656
75.36 82545653
75.37 82554945
75.38 82564484
75.39 82572055
75.40 82581219
75.41 82589912
75.42 82598054
75.43 82600320
75.44 82602884
75.45 82608478
75.46 82616214
75.47 82622116
75.48 82631077
75.49 82639274
75.50 82644501
75.51 82652542
75.52 82656797
75.53 82665630
75.54 82674545
75.55 82683568
75.56 82693635
75.57 82702921
75.58 82709444
75.59 82717900
75.60 82727828
75.61 82737335
75.62 82745541
75.63 82753865
75.64 82764106
75.65 82774180
75.66 82783599
75.67 82791833
75.68 82801315
75.69 82811439
75.70 82820285
75.71 82824321
75.72 82828338
75.73 82830974
75.74 82834193
75.75 82837731
75.76 82843564
75.77 82853279
75.78 82860073
75.79 82862643
75.80 82866031
75.81 82870828
75.82 82873250
75.83 82876253
75.84 82879664
75.85 82882507
75.86 82886300
75.87 82889439
75.88 82895318
75.89 82902246
75.90 82909894
75.91 82916724
75.92 82921150
75.93 82925160
75.94 82927252
75.95 82929396
75.96 82931215
75.97 82932982
75.98 82937271
75.99 82942039
76.00 82946557
76.01 82950484
76.02 82953830
76.03 82958500
76.04 82966996
76.05 82973925
76.06 82980097
76.07 82988930
76.08 82998790
76.09 83003305
76.10 83006779
76.11 83010775
76.12 83014479
76.13 83018019
76.14 83022477
76.15 83026467
76.16 83030641
76.17 83035601
76.18 83038681
76.19 83041625
76.20 83043601
76.21 83046495
76.22 83049619
76.23 83051782
76.24 83053867
76.25 83055683
76.26 83057541
76.27 83059242
76.28 83061244
76.29 83063182
76.30 83065192
76.31 83067048
76.32 83068795
76.33 83070999
76.34 83072700
76.35 83074511
76.36 83076289
76.37 83078863
76.38 83084512
76.39 83091305
76.40 83100191
76.41 83109019
76.42 83118331
76.43 83127784
76.44 83136511
76.45 83143892
76.46 83151003
76.47 83156967
76.48 83166465
76.49 83174946
76.50 83183327
76.51 83188634
76.52 83193321
76.53 83199168
76.54 83204700
76.55 83213316
76.56 83221203
76.57 83228067
76.58 83232910
76.59 83240909
76.60 83249739
76.61 83256637
76.62 83265615
76.63 83275214
76.64 83283956
76.65 83289625
76.66 83295279
76.67 83300992
76.68 83308002
76.69 83314200
76.70 83320075
76.71 83325333
76.72 83332657
76.73 83338579
76.74 83346130
76.75 83349797
76.76 83356038
76.77 83360943
76.78 83365158
76.79 83369804
76.80 83374187
76.81 83377320
76.82 83379697
76.83 83382356
76.84 83386700
76.85 83389048
76.86 83392569
76.87 83394541
76.88 83396628
76.89 83398253
76.90 83400385
76.91 83402706
76.92 83404675
76.93 83407118
76.94 83409528
76.95 83411462
76.96 83413544
76.97 83415863
76.98 83417785
76.99 83420687
77.00 83422904
77.01 83425424
77.02 83427692
77.03 83430013
77.04 83431857
77.05 83434056
77.06 83436530
77.07 83438299
77.08 83439962
77.09 83441750
77.10 83443285
77.11 83445340
77.12 83447416
77.13 83449675
77.14 83451298
77.15 83452760
77.16 83454332
77.17 83456184
77.18 83457555
77.19 83458817
77.20 83460461
77.21 83462082
77.22 83463672
77.23 83465570
77.24 83467465
77.25 83469197
77.26 83471040
77.27 83472703
77.28 83474395
77.29 83476431
77.30 83478574
77.31 83480827
77.32 83483100
77.33 83485188
77.34 83486961
77.35 83489319
77.36 83491117
77.37 83494157
77.38 83497580
77.39 83502420
77.40 83509393
77.41 83512890
77.42 83522417
77.43 83530309
77.44 83537335
77.45 83542742
77.46 83549723
77.47 83559158
77.48 83565074
77.49 83568223
77.50 83572370
77.51 83576126
77.52 83578497
77.53 83581652
77.54 83584009
77.55 83586315
77.56 83590234
77.57 83594151
77.58 83597543
77.59 83602949
77.60 83608294
77.61 83615300
77.62 83622254
77.63 83627347
77.64 83632292
77.65 83639948
77.66 83642413
77.67 83645741
77.68 83648408
77.69 83651213
77.70 83654838
77.71 83658238
77.72 83665112
77.73 83667610
77.74 83670914
77.75 83674746
77.76 83678999
77.77 83682094
77.78 83688282
77.79 83692524
77.80 83696670
77.81 83698850
77.82 83702811
77.83 83706755
77.84 83712025
77.85 83715369
77.86 83717176
77.87 83719751
77.88 83723046
77.89 83726601
77.90 83731064
77.91 83739095
77.92 83746264
77.93 83751284
77.94 83755630
77.95 83757867
77.96 83761987
77.97 83764308
77.98 83767131
77.99 83769563
78.00 83771547
78.01 83773955
78.02 83776187
78.03 83778086
78.04 83779801
78.05 83783563
78.06 83785566
78.07 83787529
78.08 83790602
78.09 83792630
78.10 83794342
78.11 83799151
78.12 83803846
78.13 83810092
78.14 83812618
78.15 83814511
78.16 83817392
78.17 83820880
78.18 83823242
78.19 83825519
78.20 83827071
78.21 83828638
78.22 83831876
78.23 83833257
78.24 83834571
78.25 83835968
78.26 83837421
78.27 83838998
78.28 83840966
78.29 83842978
78.30 83844946
78.31 83847993
78.32 83850057
78.33 83853381
78.34 83860268
78.35 83864350
78.36 83872232
78.37 83880547
78.38 83882953
78.39 83886806
78.40 83889488
78.41 83892203
78.42 83895190
78.43 83898159
78.44 83901491
78.45 83907351
78.46 83912090
78.47 83916513
78.48 83921750
78.49 83928021
78.50 83931795
78.51 83939287
78.52 83941862
78.53 83944077
78.54 83946871
78.55 83948873
78.56 83950552
78.57 83952922
78.58 83955934
78.59 83959212
78.60 83962411
78.61 83964059
78.62 83968369
78.63 83971289
78.64 83974677
78.65 83980922
78.66 83983606
78.67 83985174
78.68 83987629
78.69 83989310
78.70 83991680
78.71 83993374
78.72 83994866
78.73 83996406
78.74 83998829
78.75 84000419
78.76 84002028
78.77 84003786
78.78 84005368
78.79 84006903
78.80 84008509
78.81 84010020
78.82 84011516
78.83 84012994
78.84 84014519
78.85 84016036
78.86 84017789
78.87 84020958
78.88 84023819
78.89 84025705
78.90 84027575
78.91 84030341
78.92 84032474
78.93 84034492
78.94 84036545
78.95 84038342
78.96 84041324
78.97 84043614
78.98 84045938
78.99 84048173
79.00 84053850
79.01 84060592
79.02 84065749
79.03 84075130
79.04 84082487
79.05 84088968
79.06 84095659
79.07 84103241
79.08 84110366
79.09 84118764
79.10 84126961
79.11 84130451
79.12 84138516
79.13 84142392
79.14 84145506
79.15 84148242
79.16 84150984
79.17 84152734
79.18 84154853
79.19 84156866
79.20 84158584
79.21 84160810
79.22 84162830
79.23 84164995
79.24 84166889
79.25 84169056
79.26 84170951
79.27 84173334
79.28 84175097
79.29 84176671
79.30 84178837
79.31 84181194
79.32 84183705
79.33 84185971
79.34 84187946
79.35 84189980
79.36 84192515
79.37 84195056
79.38 84197791
79.39 84201057
79.40 84203580
79.41 84205245
79.42 84206862
79.43 84208800
79.44 84210853
79.45 84212425
79.46 84214664
79.47 84218298
79.48 84223325
79.49 84226588
79.50 84230985
79.51 84233198
79.52 84236503
79.53 84241035
79.54 84244738
79.55 84250884
79.56 84252675
79.57 84254357
79.58 84256276
79.59 84259419
79.60 84262392
79.61 84269434
79.62 84275035
79.63 84281324
79.64 84289478
79.65 84297456
79.66 84301518
79.67 84304726
79.68 84307677
79.69 84310397
79.70 84313160
79.71 84315527
79.72 84318597
79.73 84320546
79.74 84323074
79.75 84325824
79.76 84328941
79.77 84332278
79.78 84334862
79.79 84338215
79.80 84340846
79.81 84343664
79.82 84347773
79.83 84352870
79.84 84359015
79.85 84362468
79.86 84367601
79.87 84376153
79.88 84380396
79.89 84383760
79.90 84386242
79.91 84387917
79.92 84389677
79.93 84391225
79.94 84393065
79.95 84394730
79.96 84396419
79.97 84398449
79.98 84399926
79.99 84401584
80.00 84403159
80.01 84404919
80.02 84408427
80.03 84410780
80.04 84412774
80.05 84414164
80.06 84416117
80.07 84418169
80.08 84419977
80.09 84423847
80.10 84426189
80.11 84432337
80.12 84436683
80.13 84439983
80.14 84442592
80.15 84450393
80.16 84456787
80.17 84461634
80.18 84468547
80.19 84474877
80.20 84480037
80.21 84487550
80.22 84491283
80.23 84494354
80.24 84497132
80.25 84500025
80.26 84503312
80.27 84505450
80.28 84507049
80.29 84508962
80.30 84510965
80.31 84513074
80.32 84515671
80.33 84517935
80.34 84521323
80.35 84525785
80.36 84530281
80.37 84532174
80.38 84534918
80.39 84537024
80.40 84539185
80.41 84540717
80.42 84542859
80.43 84545700
80.44 84553224
80.45 84561719
80.46 84564760
80.47 84567159
80.48 84571511
80.49 84575486
80.50 84579825
80.51 84583657
80.52 84586916
80.53 84591217
80.54 84596477
80.55 84598941
80.56 84600816
80.57 84602334
80.58 84604136
80.59 84605799
80.60 84607187
80.61 84609383
80.62 84611054
80.63 84612509
80.64 84614070
80.65 84616262
80.66 84618187
80.67 84620015
80.68 84622391
80.69 84624036
80.70 84626019
80.71 84631199
80.72 84634517
80.73 84638489
80.74 84643428
80.75 84648316
80.76 84651291
80.77 84653414
80.78 84658058
80.79 84660004
80.80 84661696
80.81 84663543
80.82 84665646
80.83 84667780
80.84 84670374
80.85 84672768
80.86 84674990
80.87 84680772
80.88 84686695
80.89 84690145
80.90 84699067
80.91 84702442
80.92 84704661
80.93 84706786
80.94 84708580
80.95 84711280
80.96 84714848
80.97 84717363
80.98 84719265
80.99 84720738
81.00 84722224
81.01 84723617
81.02 84725245
81.03 84727111
81.04 84729128
81.05 84731087
81.06 84733096
81.07 84735061
81.08 84738335
81.09 84739934
81.10 84742765
81.11 84745956
81.12 84750787
81.13 84754465
81.14 84757033
81.15 84758965
81.16 84761016
81.17 84762697
81.18 84764653
81.19 84766662
81.20 84768330
81.21 84769945
81.22 84771439
81.23 84772907
81.24 84774558
81.25 84776163
81.26 84777574
81.27 84779124
81.28 84780821
81.29 84782500
81.30 84784331
81.31 84786674
81.32 84789012
81.33 84792797
81.34 84800949
81.35 84804790
81.36 84810131
81.37 84817830
81.38 84820308
81.39 84822749
81.40 84825379
81.41 84827580
81.42 84831164
81.43 84833422
81.44 84835616
81.45 84838376
81.46 84840877
81.47 84844569
81.48 84847423
81.49 84849971
81.50 84852673
81.51 84855977
81.52 84859255
81.53 84861941
81.54 84864744
81.55 84867070
81.56 84869432
81.57 84873738
81.58 84877342
81.59 84880221
81.60 84882692
81.61 84885487
81.62 84888015
81.63 84889982
81.64 84892192
81.65 84894892
81.66 84898211
81.67 84901146
81.68 84903304
81.69 84905161
81.70 84908282
81.71 84912152
81.72 84915133
81.73 84918456
81.74 84920994
81.75 84923559
81.76 84926176
81.77 84928694
81.78 84931528
81.79 84934740
81.80 84939112
81.81 84943572
81.82 84948742
81.83 84954250
81.84 84958346
81.85 84965277
81.86 84972125
81.87 84978159
81.88 84981807
81.89 84987155
81.90 84995433
81.91 84997080
81.92 84998852
81.93 85000522
81.94 85002647
81.95 85004566
81.96 85006860
81.97 85008524
81.98 85010812
81.99 85012657
82.00 85014756
82.01 85016836
82.02 85019788
82.03 85022660
82.04 85025972
82.05 85029035
82.06 85031677
82.07 85038093
82.08 85042367
82.09 85048443
82.10 85057035
82.11 85061353
82.12 85064827
82.13 85067097
82.14 85071498
82.15 85073477
82.16 85075010
82.17 85076777
82.18 85078539
82.19 85081419
82.20 85083035
82.21 85084662
82.22 85086259
82.23 85088023
82.24 85089453
82.25 85091133
82.26 85093201
82.27 85095354
82.28 85099821
82.29 85104042
82.30 85107990
82.31 85113061
82.32 85117691
82.33 85122010
82.34 85127537
82.35 85131881
82.36 85137439
82.37 85142537
82.38 85145756
82.39 85153766
82.40 85156125
82.41 85159734
82.42 85162424
82.43 85164571
82.44 85166474
82.45 85167890
82.46 85169512
82.47 85170937
82.48 85172467
82.49 85173824
82.50 85175446
82.51 85176935
82.52 85178706
82.53 85180202
82.54 85181881
82.55 85183968
82.56 85187114
82.57 85189013
82.58 85191325
82.59 85194184
82.60 85196361
82.61 85198976
82.62 85201127
82.63 85203748
82.64 85208077
82.65 85211382
82.66 85213351
82.67 85215632
82.68 85221143
82.69 85224571
82.70 85228616
82.71 85230643
82.72 85234241
82.73 85236473
82.74 85238940
82.75 85240588
82.76 85242845
82.77 85244795
82.78 85246988
82.79 85248551
82.80 85250189
82.81 85252461
82.82 85254100
82.83 85255658
82.84 85257443
82.85 85259589
82.86 85261890
82.87 85264348
82.88 85266160
82.89 85267930
82.90 85269540
82.91 85272716
82.92 85276929
82.93 85278576
82.94 85280998
82.95 85283604
82.96 85285602
82.97 85290388
82.98 85293260
82.99 85295212
83.00 85297492
83.01 85299783
83.02 85301413
83.03 85303060
83.04 85304692
83.05 85306065
83.06 85307721
83.07 85309313
83.08 85310900
83.09 85312911
83.10 85315027
83.11 85316657
83.12 85318181
83.13 85319917
83.14 85321917
83.15 85323940
83.16 85326022
83.17 85329779
83.18 85334456
83.19 85336600
83.20 85341508
83.21 85344822
83.22 85348191
83.23 85349914
83.24 85355361
83.25 85361751
83.26 85368848
83.27 85375727
83.28 85381733
83.29 85388418
83.30 85390548
83.31 85392031
83.32 85393689
83.33 85395227
83.34 85396897
83.35 85398273
83.36 85399882
83.37 85401442
83.38 85403113
83.39 85404610
83.40 85405983
83.41 85408222
83.42 85409774
83.43 85412229
83.44 85414953
83.45 85417898
83.46 85420590
83.47 85423190
83.48 85425513
83.49 85427622
83.50 85429482
83.51 85431378
83.52 85433597
83.53 85436008
83.54 85438141
83.55 85440566
83.56 85444112
83.57 85447093
83.58 85449911
83.59 85451345
83.60 85452836
83.61 85454400
83.62 85455827
83.63 85457164
83.64 85458480
83.65 85460094
83.66 85462212
83.67 85464764
83.68 85467982
83.69 85469622
83.70 85471645
83.71 85473097
83.72 85474728
83.73 85476642
83.74 85478065
83.75 85479451
83.76 85481675
83.77 85482994
83.78 85484407
83.79 85486193
83.80 85488338
83.81 85491659
83.82 85495795
83.83 85497893
83.84 85504125
83.85 85512525
83.86 85520941
83.87 85530980
83.88 85535238
83.89 85540737
83.90 85545416
83.91 85550373
83.92 85555190
83.93 85559680
83.94 85563317
83.95 85567829
83.96 85570790
83.97 85572608
83.98 85574278
83.99 85575688
84.00 85577090
84.01 85578779
84.02 85580332
84.03 85582108
84.04 85583471
84.05 85584767
84.06 85586215
84.07 85587613
84.08 85589258
84.09 85590742
84.10 85592275
84.11 85593690
84.12 85594972
84.13 85596325
84.14 85597581
84.15 85598824
84.16 85600391
84.17 85602341
84.18 85604211
84.19 85607024
84.20 85610057
84.21 85612083
84.22 85617580
84.23 85619751
84.24 85621663
84.25 85623558
84.26 85625054
84.27 85626510
84.28 85628027
84.29 85629495
84.30 85630930
84.31 85632299
84.32 85633893
84.33 85635233
84.34 85636571
84.35 85638133
84.36 85640003
84.37 85642021
84.38 85644193
84.39 85646238
84.40 85648673
84.41 85650418
84.42 85652626
84.43 85655933
84.44 85659060
84.45 85663058
84.46 85667601
84.47 85671724
84.48 85677270
84.49 85680687
84.50 85683756
84.51 85690824
84.52 85696182
84.53 85701899
84.54 85703701
84.55 85705669
84.56 85707551
84.57 85709594
84.58 85711267
84.59 85713159
84.60 85715370
84.61 85716974
84.62 85718695
84.63 85720555
84.64 85722257
84.65 85723698
84.66 85725397
84.67 85726857
84.68 85728738
84.69 85730186
84.70 85732029
84.71 85733627
84.72 85735928
84.73 85738361
84.74 85740541
84.75 85742708
84.76 85745447
84.77 85748464
84.78 85750351
84.79 85751861
84.80 85753579
84.81 85755536
84.82 85757424
84.83 85759343
84.84 85760894
84.85 85764129
84.86 85766794
84.87 85769165
84.88 85772010
84.89 85777528
84.90 85783484
84.91 85792664
84.92 85796085
84.93 85799132
84.94 85802151
84.95 85804741
84.96 85807737
84.97 85809257
84.98 85810834
84.99 85812091
85.00 85813546
85.01 85814994
85.02 85816778
85.03 85818752
85.04 85820457
85.05 85822011
85.06 85823528
85.07 85825061
85.08 85827132
85.09 85828744
85.10 85830338
85.11 85831917
85.12 85833253
85.13 85834659
85.14 85836192
85.15 85837502
85.16 85838804
85.17 85840171
85.18 85841505
85.19 85842999
85.20 85844265
85.21 85845441
85.22 85846892
85.23 85848052
85.24 85849328
85.25 85850571
85.26 85852057
85.27 85853239
85.28 85854708
85.29 85856242
85.30 85857568
85.31 85859051
85.32 85860316
85.33 85861646
85.34 85863051
85.35 85864348
85.36 85865578
85.37 85866838
85.38 85868074
85.39 85869512
85.40 85870988
85.41 85872416
85.42 85873650
85.43 85875143
85.44 85876497
85.45 85878074
85.46 85879611
85.47 85882858
85.48 85886086
85.49 85888190
85.50 85890792
85.51 85892592
85.52 85894999
85.53 85896573
85.54 85898838
85.55 85900760
85.56 85902062
85.57 85904279
85.58 85906225
85.59 85907799
85.60 85909378
85.61 85911457
85.62 85914117
85.63 85917438
85.64 85921645
85.65 85923490
85.66 85926508
85.67 85930231
85.68 85934508
85.69 85937266
85.70 85939969
85.71 85943651
85.72 85946522
85.73 85949484
85.74 85951726
85.75 85955088
85.76 85956773
85.77 85958874
85.78 85961118
85.79 85964291
85.80 85968970
85.81 85972073
85.82 85975055
85.83 85978416
85.84 85980752
85.85 85987158
85.86 85992701
85.87 85996447
85.88 86001411
85.89 86008365
85.90 86015411
85.91 86023388
85.92 86030297
85.93 86038316
85.94 86047197
85.95 86051907
85.96 86059085
85.97 86063403
85.98 86070361
85.99 86075476
86.00 86082090
86.01 86086879
86.02 86091371
86.03 86097314
86.04 86102828
86.05 86109656
86.06 86112888
86.07 86116704
86.08 86120181
86.09 86123591
86.10 86126658
86.11 86133222
86.12 86137511
86.13 86139651
86.14 86143398
86.15 86145446
86.16 86147723
86.17 86149743
86.18 86151531
86.19 86153677
86.20 86155634
86.21 86159345
86.22 86161717
86.23 86166406
86.24 86173665
86.25 86180601
86.26 86186687
86.27 86193412
86.28 86201544
86.29 86204928
86.30 86208338
86.31 86210967
86.32 86214823
86.33 86217509
86.34 86219236
86.35 86220961
86.36 86222688
86.37 86225602
86.38 86228565
86.39 86232516
86.40 86235487
86.41 86238135
86.42 86241088
86.43 86244093
86.44 86247827
86.45 86250809
86.46 86253398
86.47 86256620
86.48 86259602
86.49 86262372
86.50 86265579
86.51 86269055
86.52 86271964
86.53 86274683
86.54 86277777
86.55 86280564
86.56 86283421
86.57 86286036
86.58 86289204
86.59 86291645
86.60 86294104
86.61 86297206
86.62 86299557
86.63 86302118
86.64 86304872
86.65 86307876
86.66 86310283
86.67 86312663
86.68 86315287
86.69 86317916
86.70 86321397
86.71 86323802
86.72 86326269
86.73 86328808
86.74 86331101
86.75 86333965
86.76 86336697
86.77 86339166
86.78 86342061
86.79 86344849
86.80 86347539
86.81 86351018
86.82 86353694
86.83 86357055
86.84 86361694
86.85 86365555
86.86 86368574
86.87 86373280
86.88 86377717
86.89 86382017
86.90 86385813
86.91 86389771
86.92 86395473
86.93 86400942
86.94 86404962
86.95 86409851
86.96 86415827
86.97 86419298
86.98 86423656
86.99 86428295
87.00 86430817
87.01 86433496
87.02 86435380
87.03 86437733
87.04 86439933
87.05 86442205
87.06 86445290
87.07 86448033
87.08 86450618
87.09 86453028
87.10 86456011
87.11 86458691
87.12 86461840
87.13 86465278
87.14 86469469
87.15 86473743
87.16 86478787
87.17 86483008
87.18 86485345
87.19 86489426
87.20 86494181
87.21 86496222
87.22 86497884
87.23 86500702
87.24 86503127
87.25 86505696
87.26 86511552
87.27 86516330
87.28 86521595
87.29 86527729
87.30 86534808
87.31 86545024
87.32 86548543
87.33 86554306
87.34 86559639
87.35 86562684
87.36 86565074
87.37 86568917
87.38 86573058
87.39 86577856
87.40 86580822
87.41 86583593
87.42 86586105
87.43 86588276
87.44 86591508
87.45 86594145
87.46 86597109
87.47 86599311
87.48 86601797
87.49 86604325
87.50 86606617
87.51 86609142
87.52 86611230
87.53 86613248
87.54 86614943
87.55 86616557
87.56 86618252
87.57 86619832
87.58 86621663
87.59 86623804
87.60 86625455
87.61 86627069
87.62 86628832
87.63 86630656
87.64 86632380
87.65 86633893
87.66 86635406
87.67 86637224
87.68 86638908
87.69 86640549
87.70 86642141
87.71 86643535
87.72 86645339
87.73 86647407
87.74 86648899
87.75 86650398
87.76 86651767
87.77 86653384
87.78 86655269
87.79 86656746
87.80 86658153
87.81 86659982
87.82 86661427
87.83 86663180
87.84 86665128
87.85 86666841
87.86 86668361
87.87 86670120
87.88 86671652
87.89 86673300
87.90 86675185
87.91 86676728
87.92 86677966
87.93 86679637
87.94 86681600
87.95 86682765
87.96 86683881
87.97 86685062
87.98 86686262
87.99 86687685
88.00 86688914
88.01 86690165
88.02 86691373
88.03 86692542
88.04 86694065
88.05 86695240
88.06 86696482
88.07 86697709
88.08 86698945
88.09 86700113
88.10 86701277
88.11 86702451
88.12 86703788
88.13 86704984
88.14 86706165
88.15 86707531
88.16 86708739
88.17 86709872
88.18 86711115
88.19 86712249
88.20 86713525
88.21 86714740
88.22 86715957
88.23 86717074
88.24 86718322
88.25 86719460
88.26 86720899
88.27 86722963
88.28 86724264
88.29 86725395
88.30 86726767
88.31 86727943
88.32 86729177
88.33 86730279
88.34 86731752
88.35 86733138
88.36 86734268
88.37 86735426
88.38 86736541
88.39 86737665
88.40 86738844
88.41 86740084
88.42 86741193
88.43 86742339
88.44 86743517
88.45 86745136
88.46 86746761
88.47 86748267
88.48 86749783
88.49 86751229
88.50 86752550
88.51 86754043
88.52 86756335
88.53 86757897
88.54 86760255
88.55 86762257
88.56 86764847
88.57 86766594
88.58 86767996
88.59 86769214
88.60 86770665
88.61 86771985
88.62 86773357
88.63 86774634
88.64 86776098
88.65 86777554
88.66 86780098
88.67 86781500
88.68 86782752
88.69 86784291
88.70 86785982
88.71 86787257
88.72 86788513
88.73 86789804
88.74 86791050
88.75 86792343
88.76 86793624
88.77 86794960
88.78 86796286
88.79 86797663
88.80 86798990
88.81 86800269
88.82 86801672
88.83 86802996
88.84 86804799
88.85 86806623
88.86 86808230
88.87 86809925
88.88 86811650
88.89 86813344
88.90 86814746
88.91 86816100
88.92 86817701
88.93 86819073
88.94 86821546
88.95 86823426
88.96 86825105
88.97 86826890
88.98 86830465
88.99 86832276
89.00 86836097
89.01 86838357
89.02 86840102
89.03 86842467
89.04 86845421
89.05 86848917
89.06 86851911
89.07 86855518
89.08 86859070
89.09 86863417
89.10 86868000
89.11 86873631
89.12 86879018
89.13 86883290
89.14 86886957
89.15 86889843
89.16 86892846
89.17 86895666
89.18 86898172
89.19 86902144
89.20 86904996
89.21 86909464
89.22 86911711
89.23 86913991
89.24 86917008
89.25 86919548
89.26 86921057
89.27 86922913
89.28 86924461
89.29 86926566
89.30 86928414
89.31 86929871
89.32 86931689
89.33 86933756
89.34 86936011
89.35 86937743
89.36 86939641
89.37 86942206
89.38 86945034
89.39 86948461
89.40 86950658
89.41 86952784
89.42 86955767
89.43 86961500
89.44 86971417
89.45 86976725
89.46 86981243
89.47 86989105
89.48 86995802
89.49 87002056
89.50 87006150
89.51 87010155
89.52 87014438
89.53 87017437
89.54 87021610
89.55 87025535
89.56 87028412
89.57 87033154
89.58 87036339
89.59 87039641
89.60 87043652
89.61 87047508
89.62 87052791
89.63 87056820
89.64 87060508
89.65 87066445
89.66 87070485
89.67 87075687
89.68 87080936
89.69 87085179
89.70 87090494
89.71 87095174
89.72 87100376
89.73 87105727
89.74 87110361
89.75 87116286
89.76 87119273
89.77 87123430
89.78 87129245
89.79 87131781
89.80 87134355
89.81 87136923
89.82 87139670
89.83 87143752
89.84 87146875
89.85 87148977
89.86 87150528
89.87 87152492
89.88 87154315
89.89 87157219
89.90 87161149
89.91 87167414
89.92 87172152
89.93 87177375
89.94 87182981
89.95 87188789
89.96 87194337
89.97 87198439
89.98 87203912
89.99 87208866
90.00 87212459
90.01 87217888
90.02 87225547
90.03 87230115
90.04 87236738
90.05 87242638
90.06 87249498
90.07 87254452
90.08 87260482
90.09 87266227
90.10 87270862
90.11 87276447
90.12 87282974
90.13 87287257
90.14 87292939
90.15 87299698
90.16 87305612
90.17 87310568
90.18 87316069
90.19 87321235
90.20 87324923
90.21 87326731
90.22 87333889
90.23 87339184
90.24 87341975
90.25 87345503
90.26 87349456
90.27 87351672
90.28 87353009
90.29 87354397
90.30 87354831
90.31 87355080
90.32 87355347
90.33 87356960
90.34 87357561
90.35 87358178
90.36 87358359
90.37 87358549
90.38 87358851
90.39 87359028
90.40 87359124
90.41 87359224
90.42 87359386
90.43 87359860
90.44 87360000
90.45 87360106
90.46 87360308
90.47 87360412
90.48 87360525
90.49 87360636
90.50 87360744
90.51 87360920
90.52 87361052
90.53 87361175
90.54 87364086
90.55 87372556
90.56 87381267
90.57 87390806
90.58 87401094
90.59 87411064
90.60 87421216
90.61 87431602
90.62 87443226
90.63 87454746
90.64 87466285
90.65 87476749
90.66 87487911
90.67 87498426
90.68 87509257
90.69 87519880
90.70 87530337
90.71 87540369
90.72 87550316
90.73 87560230
90.74 87571130
90.75 87580513
90.76 87589266
90.77 87597437
90.78 87606434
90.79 87615895
90.80 87626353
90.81 87637191
90.82 87647422
90.83 87657420
90.84 87667471
90.85 87676442
90.86 87686022
90.87 87695503
90.88 87704773
90.89 87714041
90.90 87722748
90.91 87731199
90.92 87740347
90.93 87749114
90.94 87757895
90.95 87766208
90.96 87774592
90.97 87782732
90.98 87790998
90.99 87798903
91.00 87806166
91.01 87813516
91.02 87822676
91.03 87831038
91.04 87839490
91.05 87846598
91.06 87853400
91.07 87859693
91.08 87866823
91.09 87874304
91.10 87882151
91.11 87889145
91.12 87896681
91.13 87902928
91.14 87909088
91.15 87915924
91.16 87922931
91.17 87930072
91.18 87936022
91.19 87942124
91.20 87948322
91.21 87954550
91.22 87959537
91.23 87964237
91.24 87967884
91.25 87972642
91.26 87977588
91.27 87981832
91.28 87983089
91.29 87984266
91.30 87990044
91.31 87997732
91.32 87999922
91.33 88005566
91.34 88012948
91.35 88021021
91.36 88033505
91.37 88041461
91.38 88048744
91.39 88055757
91.40 88066834
91.41 88081493
91.42 88092094
91.43 88101877
91.44 88110258
91.45 88119715
91.46 88130934
91.47 88141193
91.48 88143533
91.49 88143814
91.50 88146953
91.51 88157198
91.52 88167848
91.53 88181601
91.54 88195834
91.55 88209996
91.56 88222182
91.57 88236121
91.58 88250551
91.59 88264637
91.60 88276748
91.61 88291193
91.62 88304700
91.63 88317282
91.64 88329447
91.65 88341813
91.66 88355466
91.67 88370021
91.68 88382855
91.69 88396838
91.70 88410013
91.71 88421614
91.72 88435719
91.73 88449550
91.74 88462888
91.75 88472190
91.76 88483882
91.77 88498010
91.78 88505912
91.79 88519565
91.80 88530486
91.81 88544760
91.82 88557860
91.83 88572217
91.84 88585606
91.85 88596113
91.86 88607666
91.87 88614659
91.88 88622353
91.89 88630154
91.90 88638173
91.91 88645506
91.92 88657054
91.93 88668694
91.94 88679530
91.95 88688730
91.96 88696021
91.97 88703010
91.98 88710314
91.99 88721837
92.00 88729474
92.01 88737125
92.02 88745094
92.03 88752447
92.04 88759247
92.05 88765978
92.06 88772587
92.07 88780963
92.08 88787812
92.09 88793907
92.10 88805105
92.11 88811995
92.12 88824138
92.13 88830811
92.14 88838692
92.15 88845093
92.16 88854923
92.17 88859914
92.18 88866336
92.19 88873386
92.20 88878759
92.21 88885815
92.22 88889892
92.23 88893503
92.24 88898961
92.25 88905905
92.26 88913056
92.27 88920464
92.28 88924545
92.29 88928041
92.30 88935203
92.31 88942272
92.32 88948483
92.33 88955552
92.34 88969120
92.35 88980144
92.36 88987088
92.37 88990207
92.38 88992947
92.39 88996063
92.40 88998721
92.41 89001498
92.42 89005469
92.43 89009193
92.44 89012082
92.45 89014903
92.46 89017546
92.47 89019228
92.48 89024425
92.49 89028921
92.50 89031574
92.51 89033890
92.52 89036229
92.53 89039122
92.54 89042897
92.55 89045644
92.56 89047967
92.57 89050915
92.58 89056104
92.59 89059943
92.60 89062830
92.61 89065371
92.62 89067715
92.63 89071433
92.64 89074349
92.65 89077319
92.66 89083061
92.67 89085835
92.68 89089590
92.69 89093255
92.70 89095874
92.71 89101388
92.72 89114591
92.73 89126929
92.74 89139681
92.75 89150093
92.76 89156774
92.77 89166055
92.78 89173315
92.79 89183292
92.80 89192201
92.81 89198962
92.82 89206206
92.83 89215099
92.84 89224570
92.85 89236863
92.86 89245550
92.87 89250003
92.88 89259769
92.89 89270365
92.90 89277932
92.91 89285294
92.92 89295597
92.93 89300615
92.94 89305675
92.95 89311488
92.96 89313393
92.97 89315824
92.98 89318186
92.99 89320673
93.00 89323253
93.01 89326244
93.02 89329221
93.03 89331771
93.04 89334525
93.05 89336997
93.06 89339891
93.07 89342134
93.08 89344763
93.09 89347315
93.10 89349954
93.11 89352314
93.12 89354919
93.13 89357550
93.14 89359993
93.15 89362451
93.16 89365450
93.17 89368724
93.18 89371711
93.19 89374757
93.20 89377926
93.21 89381033
93.22 89383935
93.23 89386762
93.24 89389125
93.25 89390945
93.26 89393671
93.27 89396471
93.28 89399233
93.29 89401821
93.30 89404095
93.31 89405999
93.32 89408684
93.33 89411154
93.34 89412773
93.35 89415080
93.36 89416733
93.37 89418481
93.38 89420921
93.39 89423039
93.40 89425065
93.41 89427535
93.42 89430088
93.43 89432582
93.44 89434691
93.45 89437125
93.46 89439065
93.47 89441769
93.48 89444233
93.49 89446957
93.50 89449737
93.51 89451977
93.52 89453453
93.53 89456404
93.54 89459091
93.55 89461971
93.56 89464627
93.57 89467397
93.58 89469958
93.59 89472468
93.60 89475269
93.61 89478120
93.62 89480916
93.63 89483480
93.64 89486129
93.65 89488922
93.66 89491549
93.67 89494063
93.68 89496900
93.69 89499652
93.70 89502476
93.71 89505206
93.72 89508027
93.73 89510548
93.74 89513257
93.75 89515881
93.76 89518374
93.77 89519666
93.78 89522429
93.79 89525143
93.80 89527883
93.81 89530634
93.82 89533293
93.83 89535589
93.84 89538099
93.85 89539877
93.86 89542464
93.87 89544957
93.88 89547672
93.89 89550492
93.90 89553270
93.91 89556038
93.92 89558752
93.93 89561176
93.94 89563882
93.95 89566080
93.96 89568729
93.97 89571034
93.98 89573386
93.99 89575866
94.00 89578336
94.01 89581084
94.02 89583587
94.03 89585431
94.04 89588184
94.05 89590787
94.06 89593467
94.07 89595910
94.08 89598498
94.09 89601073
94.10 89603752
94.11 89606319
94.12 89609010
94.13 89610809
94.14 89611498
94.15 89611979
94.16 89612653
94.17 89614202
94.18 89616993
94.19 89619632
94.20 89622354
94.21 89624624
94.22 89627233
94.23 89629538
94.24 89632303
94.25 89634870
94.26 89637617
94.27 89640484
94.28 89643303
94.29 89643953
94.30 89645098
94.31 89648002
94.32 89650686
94.33 89653565
94.34 89656324
94.35 89659057
94.36 89661668
94.37 89664269
94.38 89666875
94.39 89669756
94.40 89672628
94.41 89675324
94.42 89677980
94.43 89680807
94.44 89683332
94.45 89686056
94.46 89688896
94.47 89691609
94.48 89694254
94.49 89696851
94.50 89699594
94.51 89703539
94.52 89707070
94.53 89710498
94.54 89713648
94.55 89716771
94.56 89719532
94.57 89721978
94.58 89724776
94.59 89727671
94.60 89730301
94.61 89733597
94.62 89737055
94.63 89740373
94.64 89743909
94.65 89746862
94.66 89748535
94.67 89750598
94.68 89754582
94.69 89757879
94.70 89761166
94.71 89764044
94.72 89766771
94.73 89769998
94.74 89772936
94.75 89776324
94.76 89779411
94.77 89782593
94.78 89785218
94.79 89786606
94.80 89789863
94.81 89793134
94.82 89796322
94.83 89799857
94.84 89803007
94.85 89806437
94.86 89809684
94.87 89812893
94.88 89816281
94.89 89819438
94.90 89822624
94.91 89826081
94.92 89830492
94.93 89835169
94.94 89839098
94.95 89842429
94.96 89844928
94.97 89848397
94.98 89851498
94.99 89854507
95.00 89859777
95.01 89863623
95.02 89868684
95.03 89873708
95.04 89878308
95.05 89882788
95.06 89886055
95.07 89889077
95.08 89893668
95.09 89898335
95.10 89902326
95.11 89904062
95.12 89906038
95.13 89907716
95.14 89911483
95.15 89915142
95.16 89920030
95.17 89924054
95.18 89928295
95.19 89931454
95.20 89935358
95.21 89938689
95.22 89942289
95.23 89945598
95.24 89948777
95.25 89952536
95.26 89956817
95.27 89960857
95.28 89963231
95.29 89967354
95.30 89972270
95.31 89978113
95.32 89982953
95.33 89988312
95.34 89993777
95.35 89999435
95.36 90005053
95.37 90009581
95.38 90014410
95.39 90019172
95.40 90023987
95.41 90028878
95.42 90033571
95.43 90038672
95.44 90043921
95.45 90048697
95.46 90053386
95.47 90057733
95.48 90061648
95.49 90065509
95.50 90069658
95.51 90073496
95.52 90077765
95.53 90082013
95.54 90085907
95.55 90089603
95.56 90094530
95.57 90099151
95.58 90103510
95.59 90107808
95.60 90111653
95.61 90115790
95.62 90120323
95.63 90125216
95.64 90130074
95.65 90134645
95.66 90139457
95.67 90144408
95.68 90149354
95.69 90154122
95.70 90159159
95.71 90164144
95.72 90168138
95.73 90171109
95.74 90175771
95.75 90180137
95.76 90184947
95.77 90189396
95.78 90192494
95.79 90196965
95.80 90200067
95.81 90204335
95.82 90209715
95.83 90214980
95.84 90219956
95.85 90225137
95.86 90230003
95.87 90234694
95.88 90239086
95.89 90243997
95.90 90248941
95.91 90252793
95.92 90257407
95.93 90262535
95.94 90266951
95.95 90271832
95.96 90276993
95.97 90281744
95.98 90286517
95.99 90290301
96.00 90294137
96.01 90297739
96.02 90302574
96.03 90306632
96.04 90310072
96.05 90314638
96.06 90319344
96.07 90324218
96.08 90329189
96.09 90334073
96.10 90338978
96.11 90343576
96.12 90348019
96.13 90352562
96.14 90357491
96.15 90362085
96.16 90367105
96.17 90371938
96.18 90376795
96.19 90380378
96.20 90385451
96.21 90390421
96.22 90395219
96.23 90400203
96.24 90404522
96.25 90409443
96.26 90414184
96.27 90418868
96.28 90423591
96.29 90428731
96.30 90433433
96.31 90438329
96.32 90442789
96.33 90447731
96.34 90452608
96.35 90456798
96.36 90461396
96.37 90466058
96.38 90470710
96.39 90475327
96.40 90479927
96.41 90484699
96.42 90489492
96.43 90494154
96.44 90498204
96.45 90501822
96.46 90505892
96.47 90510445
96.48 90514211
96.49 90518968
96.50 90523703
96.51 90528531
96.52 90533300
96.53 90538381
96.54 90543261
96.55 90548029
96.56 90552926
96.57 90557828
96.58 90562401
96.59 90567001
96.60 90571573
96.61 90576307
96.62 90580883
96.63 90585306
96.64 90590067
96.65 90594958
96.66 90599697
96.67 90604339
96.68 90609144
96.69 90613878
96.70 90618205
96.71 90623138
96.72 90628061
96.73 90632891
96.74 90637861
96.75 90642722
96.76 90647528
96.77 90652255
96.78 90656984
96.79 90661689
96.80 90666463
96.81 90671269
96.82 90675825
96.83 90680764
96.84 90685630
96.85 90690096
96.86 90694757
96.87 90699570
96.88 90704238
96.89 90709072
96.90 90713708
96.91 90718521
96.92 90723445
96.93 90728274
96.94 90733037
96.95 90738026
96.96 90742953
96.97 90747517
96.98 90751998
96.99 90756834
97.00 90761764
97.01 90766614
97.02 90771506
97.03 90776002
97.04 90780537
97.05 90785190
97.06 90789840
97.07 90794505
97.08 90799222
97.09 90803972
97.10 90808126
97.11 90812299
97.12 90817052
97.13 90821728
97.14 90826393
97.15 90831177
97.16 90835624
97.17 90839933
97.18 90844831
97.19 90845349
97.20 90845818
97.21 90846063
97.22 90846316
97.23 90846579
97.24 90846925
97.25 90847184
97.26 90847486
97.27 90847854
97.28 90848111
97.29 90848376
97.30 90848731
97.31 90849047
97.32 90850510
97.33 90850796
97.34 90851081
97.35 90851616
97.36 90856737
97.37 90865729
97.38 90874096
97.39 90877567
97.40 90882355
97.41 90886346
97.42 90890814
97.43 90895219
97.44 90900084
97.45 90906109
97.46 90912905
97.47 90917922
97.48 90922226
97.49 90925915
97.50 90933838
97.51 90942275
97.52 90951132
97.53 90959832
97.54 90967583
97.55 90976419
97.56 90985108
97.57 90992920
97.58 90999907
97.59 91008032
97.60 91016060
97.61 91023825
97.62 91031527
97.63 91037762
97.64 91043715
97.65 91050152
97.66 91055820
97.67 91063022
97.68 91069045
97.69 91075230
97.70 91082157
97.71 91087154
97.72 91090881
97.73 91097247
97.74 91103992
97.75 91111221
97.76 91118590
97.77 91124350
97.78 91130695
97.79 91135243
97.80 91141046
97.81 91147600
97.82 91153470
97.83 91160019
97.84 91164840
97.85 91170168
97.86 91177574
97.87 91184506
97.88 91189582
97.89 91195339
97.90 91201803
97.91 91207969
97.92 91214108
97.93 91220364
97.94 91227650
97.95 91235674
97.96 91242466
97.97 91249690
97.98 91256487
97.99 91263516
98.00 91269443
98.01 91275728
98.02 91282111
98.03 91287467
98.04 91292220
98.05 91297627
98.06 91303269
98.07 91309568
98.08 91315640
98.09 91321648
98.10 91325478
98.11 91330519
98.12 91336182
98.13 91342295
98.14 91348498
98.15 91355179
98.16 91363743
98.17 91370826
98.18 91376168
98.19 91379839
98.20 91383678
98.21 91389441
98.22 91394521
98.23 91400970
98.24 91407899
98.25 91415103
98.26 91420562
98.27 91427008
98.28 91431567
98.29 91435867
98.30 91439512
98.31 91443381
98.32 91449075
98.33 91455715
98.34 91462125
98.35 91468105
98.36 91475395
98.37 91482991
98.38 91489126
98.39 91495326
98.40 91500207
98.41 91506851
98.42 91515028
98.43 91522927
98.44 91528752
98.45 91535330
98.46 91542568
98.47 91547970
98.48 91551893
98.49 91556186
98.50 91562313
98.51 91566975
98.52 91572140
98.53 91574681
98.54 91578946
98.55 91585117
98.56 91592797
98.57 91600286
98.58 91606563
98.59 91613429
98.60 91620118
98.61 91626150
98.62 91632469
98.63 91638430
98.64 91644414
98.65 91650113
98.66 91654612
98.67 91659827
98.68 91664916
98.69 91670043
98.70 91675303
98.71 91681004
98.72 91686556
98.73 91693993
98.74 91699189
98.75 91705417
98.76 91712235
98.77 91713269
98.78 91713749
98.79 91714223
98.80 91714534
98.81 91714841
98.82 91715705
98.83 91716051
98.84 91716450
98.85 91716966
98.86 91717360
98.87 91719337
98.88 91720598
98.89 91721307
98.90 91725858
98.91 91730304
98.92 91736151
98.93 91741257
98.94 91746774
98.95 91753480
98.96 91759926
98.97 91766821
98.98 91771675
98.99 91775859
99.00 91780342
99.01 91785535
99.02 91790000
99.03 91796085
99.04 91801456
99.05 91807795
99.06 91812577
99.07 91817495
99.08 91822677
99.09 91827509
99.10 91831601
99.11 91836042
99.12 91839534
99.13 91844639
99.14 91849405
99.15 91854121
99.16 91858974
99.17 91865393
99.18 91870729
99.19 91875256
99.20 91881598
99.21 91887453
99.22 91891648
99.23 91896445
99.24 91901093
99.25 91907846
99.26 91913337
99.27 91918069
99.28 91924378
99.29 91928950
99.30 91933922
99.31 91938756
99.32 91943539
99.33 91947277
99.34 91951821
99.35 91956071
99.36 91960997
99.37 91964864
99.38 91969339
99.39 91973950
99.40 91980347
99.41 91984114
99.42 91987764
99.43 91992613
99.44 91996773
99.45 92000806
99.46 92004733
99.47 92009161
99.48 92012991
99.49 92016186
99.50 92020640
99.51 92026251
99.52 92031345
99.53 92037336
99.54 92042076
99.55 92048240
99.56 92053821
99.57 92060034
99.58 92063885
99.59 92067435
99.60 92072234
99.61 92075235
99.62 92078786
99.63 92081287
99.64 92084391
99.65 92088276
99.66 92093027
99.67 92097076
99.68 92100215
99.69 92104877
99.70 92108800
99.71 92112683
99.72 92118042
99.73 92121609
99.74 92126587
99.75 92130660
99.76 92134629
99.77 92138105
99.78 92143074
99.79 92148002
99.80 92151986
99.81 92158600
99.82 92164952
99.83 92171052
99.84 92176371
99.85 92181193
99.86 92190198
99.87 92201053
99.88 92211688
99.89 92218502
99.90 92232139
99.91 92245993
99.92 92256396
99.93 92269326
99.94 92306225
99.95 92345763
99.96 92386481
99.97 92427851
99.98 92469704
99.99 92512803
